timestamp,power_usage_kWh,voltage_V,current_A,power_factor,label_anomaly
2025-01-01 00:00:00,324.84,223.31,1.45,0.91,0
2025-01-01 00:01:00,293.09,225.87,1.3,0.91,0
2025-01-01 00:02:00,332.38,220.91,1.5,0.94,0
2025-01-01 00:03:00,376.15,213.52,1.76,0.96,0
2025-01-01 00:04:00,288.29,222.0,1.3,0.9,0
2025-01-01 00:05:00,288.29,216.74,1.33,0.94,0
2025-01-01 00:06:00,378.96,217.36,1.74,0.94,0
2025-01-01 00:07:00,338.37,222.93,1.52,0.98,0
2025-01-01 00:08:00,276.53,226.19,1.22,0.94,0
2025-01-01 00:09:00,327.13,220.11,1.49,0.96,0
2025-01-01 00:10:00,276.83,221.54,1.25,0.95,0
2025-01-01 00:11:00,276.71,228.51,1.21,0.91,0
2025-01-01 00:12:00,312.1,221.2,1.41,0.97,0
2025-01-01 00:13:00,204.34,233.01,0.88,0.95,0
2025-01-01 00:14:00,213.75,222.83,0.96,0.96,0
2025-01-01 00:15:00,271.89,211.2,1.29,1.03,0
2025-01-01 00:16:00,249.36,223.77,1.11,0.91,0
2025-01-01 00:17:00,315.71,221.91,1.42,0.98,0
2025-01-01 00:18:00,254.6,226.45,1.12,0.94,0
2025-01-01 00:19:00,229.38,223.37,1.03,0.96,0
2025-01-01 00:20:00,373.28,219.31,1.7,0.95,0
2025-01-01 00:21:00,288.71,213.88,1.35,0.94,0
2025-01-01 00:22:00,303.38,218.95,1.39,0.94,0
2025-01-01 00:23:00,228.76,215.75,1.06,0.96,0
2025-01-01 00:24:00,272.78,217.1,1.26,0.92,0
2025-01-01 00:25:00,305.55,222.94,1.37,0.97,0
2025-01-01 00:26:00,242.45,228.35,1.06,0.94,0
2025-01-01 00:27:00,318.78,221.97,1.44,0.93,0
2025-01-01 00:28:00,269.97,214.02,1.26,0.94,0
2025-01-01 00:29:00,285.42,222.22,1.28,0.98,0
2025-01-01 00:30:00,269.91,225.98,1.19,0.94,0
2025-01-01 00:31:00,392.61,216.95,1.81,0.96,0
2025-01-01 00:32:00,299.33,219.33,1.36,0.94,0
2025-01-01 00:33:00,247.11,220.07,1.12,0.97,0
2025-01-01 00:34:00,341.13,216.08,1.58,0.96,0
2025-01-01 00:35:00,238.96,223.24,1.07,0.99,0
2025-01-01 00:36:00,310.44,219.4,1.41,0.95,0
2025-01-01 00:37:00,202.02,222.1,0.91,0.96,0
2025-01-01 00:38:00,233.59,215.56,1.08,0.95,0
2025-01-01 00:39:00,309.84,217.81,1.42,0.98,0
2025-01-01 00:40:00,336.92,223.61,1.51,0.94,0
2025-01-01 00:41:00,308.57,218.14,1.41,0.96,0
2025-01-01 00:42:00,294.22,228.63,1.29,0.95,0
2025-01-01 00:43:00,284.94,218.0,1.31,0.95,0
2025-01-01 00:44:00,226.07,221.12,1.02,0.95,0
2025-01-01 00:45:00,264.01,224.66,1.18,0.96,0
2025-01-01 00:46:00,276.97,212.91,1.3,0.95,0
2025-01-01 00:47:00,352.86,211.2,1.67,0.95,0
2025-01-01 00:48:00,317.18,212.37,1.49,0.98,0
2025-01-01 00:49:00,211.85,226.31,0.94,0.97,0
2025-01-01 00:50:00,316.2,217.24,1.46,0.97,0
2025-01-01 00:51:00,280.75,232.79,1.21,0.94,0
2025-01-01 00:52:00,266.15,217.18,1.23,0.93,0
2025-01-01 00:53:00,330.58,220.92,1.5,0.97,0
2025-01-01 00:54:00,351.55,227.71,1.54,0.97,0
2025-01-01 00:55:00,346.56,230.03,1.51,0.98,0
2025-01-01 00:56:00,258.04,230.31,1.12,0.94,0
2025-01-01 00:57:00,284.54,226.04,1.26,0.95,0
2025-01-01 00:58:00,316.56,225.12,1.41,0.92,0
2025-01-01 00:59:00,348.78,222.96,1.56,0.94,0
2025-01-01 01:00:00,276.04,223.89,1.23,0.97,0
2025-01-01 01:01:00,290.72,217.24,1.34,0.94,0
2025-01-01 01:02:00,244.68,215.91,1.13,0.96,0
2025-01-01 01:03:00,240.19,219.98,1.09,0.95,0
2025-01-01 01:04:00,340.63,219.15,1.55,0.96,0
2025-01-01 01:05:00,367.81,217.73,1.69,0.93,0
2025-01-01 01:06:00,296.4,223.48,1.33,0.95,0
2025-01-01 01:07:00,350.18,224.78,1.56,0.89,0
2025-01-01 01:08:00,318.08,220.44,1.44,0.95,0
2025-01-01 01:09:00,267.74,227.39,1.18,0.92,0
2025-01-01 01:10:00,318.07,214.29,1.48,0.97,0
2025-01-01 01:11:00,376.9,219.03,1.72,0.97,0
2025-01-01 01:12:00,298.21,216.42,1.38,0.96,0
2025-01-01 01:13:00,378.23,210.67,1.8,0.98,0
2025-01-01 01:14:00,169.01,219.59,0.77,0.93,0
2025-01-01 01:15:00,341.1,219.39,1.55,0.98,0
2025-01-01 01:16:00,304.35,227.57,1.34,0.97,0
2025-01-01 01:17:00,285.05,223.15,1.28,0.95,0
2025-01-01 01:18:00,304.59,214.88,1.42,0.97,0
2025-01-01 01:19:00,200.62,229.27,0.88,0.93,0
2025-01-01 01:20:00,289.02,226.11,1.28,0.93,0
2025-01-01 01:21:00,317.86,222.91,1.43,0.94,0
2025-01-01 01:22:00,373.89,218.87,1.71,0.94,0
2025-01-01 01:23:00,274.09,215.2,1.27,0.93,0
2025-01-01 01:24:00,259.58,218.14,1.19,0.97,0
2025-01-01 01:25:00,274.91,225.44,1.22,0.94,0
2025-01-01 01:26:00,345.77,229.42,1.51,0.96,0
2025-01-01 01:27:00,316.44,227.72,1.39,0.94,0
2025-01-01 01:28:00,273.51,217.56,1.26,0.91,0
2025-01-01 01:29:00,325.66,214.4,1.52,0.96,0
2025-01-01 01:30:00,304.85,220.7,1.38,0.91,0
2025-01-01 01:31:00,348.43,211.16,1.65,0.95,0
2025-01-01 01:32:00,264.9,221.62,1.2,0.92,0
2025-01-01 01:33:00,283.62,219.26,1.29,0.99,0
2025-01-01 01:34:00,280.39,217.67,1.29,0.97,0
2025-01-01 01:35:00,226.82,212.03,1.07,0.95,0
2025-01-01 01:36:00,314.81,222.57,1.41,0.98,0
2025-01-01 01:37:00,313.05,217.34,1.44,0.93,0
2025-01-01 01:38:00,300.26,214.15,1.4,0.96,0
2025-01-01 01:39:00,288.27,205.64,1.4,0.95,0
2025-01-01 01:40:00,229.23,219.86,1.04,0.96,0
2025-01-01 01:41:00,278.97,228.86,1.22,0.98,0
2025-01-01 01:42:00,282.86,228.31,1.24,0.96,0
2025-01-01 01:43:00,259.89,217.71,1.19,0.96,0
2025-01-01 01:44:00,291.94,216.99,1.35,0.92,0
2025-01-01 01:45:00,320.2,222.34,1.44,0.93,0
2025-01-01 01:46:00,394.31,215.01,1.83,0.95,0
2025-01-01 01:47:00,308.73,221.51,1.39,0.95,0
2025-01-01 01:48:00,312.88,223.83,1.4,0.93,0
2025-01-01 01:49:00,296.28,226.13,1.31,1.0,0
2025-01-01 01:50:00,204.06,219.5,0.93,0.98,0
2025-01-01 01:51:00,298.67,218.98,1.36,0.96,0
2025-01-01 01:52:00,303.01,215.61,1.41,0.95,0
2025-01-01 01:53:00,423.16,215.87,1.96,0.95,0
2025-01-01 01:54:00,290.38,218.87,1.33,0.93,0
2025-01-01 01:55:00,315.08,221.84,1.42,0.95,0
2025-01-01 01:56:00,298.26,224.57,1.33,0.96,0
2025-01-01 01:57:00,241.57,215.98,1.12,0.93,0
2025-01-01 01:58:00,357.14,227.46,1.57,0.96,0
2025-01-01 01:59:00,337.6,218.64,1.54,0.95,0
2025-01-01 02:00:00,339.55,219.89,1.54,0.91,0
2025-01-01 02:01:00,254.53,216.26,1.18,0.93,0
2025-01-01 02:02:00,370.14,207.88,1.78,0.94,0
2025-01-01 02:03:00,229.91,224.42,1.02,0.99,0
2025-01-01 02:04:00,329.34,223.68,1.47,0.96,0
2025-01-01 02:05:00,409.52,218.59,1.87,0.92,0
2025-01-01 02:06:00,250.47,220.33,1.14,0.96,0
2025-01-01 02:07:00,271.69,222.58,1.22,0.92,0
2025-01-01 02:08:00,304.98,212.19,1.44,0.97,0
2025-01-01 02:09:00,274.83,217.35,1.26,0.94,0
2025-01-01 02:10:00,222.47,223.97,0.99,0.95,0
2025-01-01 02:11:00,303.43,213.73,1.42,0.98,0
2025-01-01 02:12:00,246.88,221.47,1.11,0.92,0
2025-01-01 02:13:00,323.68,213.22,1.52,0.92,0
2025-01-01 02:14:00,254.03,222.33,1.14,0.94,0
2025-01-01 02:15:00,377.5,219.82,1.72,0.97,0
2025-01-01 02:16:00,260.84,211.92,1.23,0.92,0
2025-01-01 02:17:00,283.9,225.82,1.26,0.89,0
2025-01-01 02:18:00,340.68,216.33,1.57,0.94,0
2025-01-01 02:19:00,238.46,215.95,1.1,0.96,0
2025-01-01 02:20:00,311.37,221.0,1.41,0.97,0
2025-01-01 02:21:00,365.36,225.74,1.62,0.94,0
2025-01-01 02:22:00,219.63,214.92,1.02,0.94,0
2025-01-01 02:23:00,309.23,220.31,1.4,0.97,0
2025-01-01 02:24:00,312.99,222.14,1.41,0.91,0
2025-01-01 02:25:00,339.09,223.47,1.52,0.94,0
2025-01-01 02:26:00,238.15,220.88,1.08,0.95,0
2025-01-01 02:27:00,233.98,218.16,1.07,0.96,0
2025-01-01 02:28:00,326.1,215.86,1.51,0.94,0
2025-01-01 02:29:00,314.85,220.43,1.43,0.95,0
2025-01-01 02:30:00,312.52,214.64,1.46,0.9,0
2025-01-01 02:31:00,317.32,205.39,1.54,0.94,0
2025-01-01 02:32:00,266.0,222.18,1.2,0.96,0
2025-01-01 02:33:00,311.61,224.52,1.39,0.93,0
2025-01-01 02:34:00,314.65,208.19,1.51,0.95,0
2025-01-01 02:35:00,264.28,214.95,1.23,0.96,0
2025-01-01 02:36:00,393.29,223.1,1.76,0.94,0
2025-01-01 02:37:00,323.69,230.29,1.41,0.95,0
2025-01-01 02:38:00,240.43,220.1,1.09,0.93,0
2025-01-01 02:39:00,332.83,216.36,1.54,0.95,0
2025-01-01 02:40:00,251.27,219.09,1.15,0.96,0
2025-01-01 02:41:00,339.35,226.87,1.5,0.95,0
2025-01-01 02:42:00,357.93,216.77,1.65,0.94,0
2025-01-01 02:43:00,258.97,216.0,1.2,0.95,0
2025-01-01 02:44:00,348.17,217.59,1.6,0.96,0
2025-01-01 02:45:00,320.64,215.23,1.49,0.91,0
2025-01-01 02:46:00,341.1,220.61,1.55,0.97,0
2025-01-01 02:47:00,394.84,228.12,1.73,0.94,0
2025-01-01 02:48:00,287.73,221.62,1.3,0.96,0
2025-01-01 02:49:00,262.31,218.74,1.2,0.97,0
2025-01-01 02:50:00,255.52,218.54,1.17,0.92,0
2025-01-01 02:51:00,259.21,212.18,1.22,0.94,0
2025-01-01 02:52:00,296.14,224.42,1.32,0.94,0
2025-01-01 02:53:00,317.06,219.61,1.44,0.93,0
2025-01-01 02:54:00,313.83,219.1,1.43,0.98,0
2025-01-01 02:55:00,341.36,235.97,1.45,0.93,0
2025-01-01 02:56:00,300.65,221.49,1.36,0.94,0
2025-01-01 02:57:00,372.68,216.24,1.72,0.95,0
2025-01-01 02:58:00,286.77,217.87,1.32,0.93,0
2025-01-01 02:59:00,436.01,225.74,1.93,0.94,0
2025-01-01 03:00:00,331.28,220.57,1.5,0.96,0
2025-01-01 03:01:00,257.14,212.81,1.21,0.94,0
2025-01-01 03:02:00,246.46,224.6,1.1,0.95,0
2025-01-01 03:03:00,324.12,216.66,1.5,0.94,0
2025-01-01 03:04:00,288.83,229.37,1.26,0.92,0
2025-01-01 03:05:00,335.7,225.4,1.49,0.96,0
2025-01-01 03:06:00,323.66,217.76,1.49,0.99,0
2025-01-01 03:07:00,296.36,226.41,1.31,0.95,0
2025-01-01 03:08:00,257.66,220.34,1.17,0.95,0
2025-01-01 03:09:00,224.26,224.26,1.0,0.96,0
2025-01-01 03:10:00,277.67,222.42,1.25,0.92,0
2025-01-01 03:11:00,342.82,215.77,1.59,0.98,0
2025-01-01 03:12:00,310.7,216.78,1.43,0.95,0
2025-01-01 03:13:00,237.71,225.15,1.06,0.98,0
2025-01-01 03:14:00,308.66,218.33,1.41,0.94,0
2025-01-01 03:15:00,319.27,217.98,1.46,0.99,0
2025-01-01 03:16:00,255.81,215.22,1.19,0.97,0
2025-01-01 03:17:00,307.69,222.12,1.39,0.96,0
2025-01-01 03:18:00,302.91,230.31,1.32,0.95,0
2025-01-01 03:19:00,242.85,214.66,1.13,0.95,0
2025-01-01 03:20:00,317.89,220.12,1.44,0.97,0
2025-01-01 03:21:00,328.04,227.06,1.44,0.95,0
2025-01-01 03:22:00,354.15,219.6,1.61,0.91,0
2025-01-01 03:23:00,352.69,222.26,1.59,0.93,0
2025-01-01 03:24:00,231.12,214.69,1.08,0.95,0
2025-01-01 03:25:00,253.11,222.14,1.14,0.96,0
2025-01-01 03:26:00,325.75,219.06,1.49,0.95,0
2025-01-01 03:27:00,325.69,224.93,1.45,0.97,0
2025-01-01 03:28:00,325.75,225.94,1.44,0.91,0
2025-01-01 03:29:00,492.64,232.95,2.11,0.95,0
2025-01-01 03:30:00,328.54,222.9,1.47,0.91,0
2025-01-01 03:31:00,356.78,221.63,1.61,0.97,0
2025-01-01 03:32:00,347.7,220.97,1.57,0.95,0
2025-01-01 03:33:00,332.57,218.23,1.52,0.96,0
2025-01-01 03:34:00,284.24,221.69,1.28,0.93,0
2025-01-01 03:35:00,337.95,218.52,1.55,0.98,0
2025-01-01 03:36:00,261.36,220.84,1.18,0.97,0
2025-01-01 03:37:00,288.16,226.59,1.27,0.96,0
2025-01-01 03:38:00,275.73,214.97,1.28,0.95,0
2025-01-01 03:39:00,304.09,225.7,1.35,0.96,0
2025-01-01 03:40:00,415.73,226.59,1.83,0.94,0
2025-01-01 03:41:00,206.64,219.41,0.94,0.97,0
2025-01-01 03:42:00,334.31,209.39,1.6,0.98,0
2025-01-01 03:43:00,219.36,216.96,1.01,0.97,0
2025-01-01 03:44:00,276.4,226.48,1.22,0.94,0
2025-01-01 03:45:00,354.45,219.89,1.61,0.96,0
2025-01-01 03:46:00,303.21,215.0,1.41,0.92,0
2025-01-01 03:47:00,246.11,217.48,1.13,0.96,0
2025-01-01 03:48:00,264.23,224.2,1.18,0.96,0
2025-01-01 03:49:00,333.98,222.73,1.5,0.91,0
2025-01-01 03:50:00,263.48,218.81,1.2,0.93,0
2025-01-01 03:51:00,310.82,218.17,1.42,0.94,0
2025-01-01 03:52:00,302.28,218.04,1.39,0.94,0
2025-01-01 03:53:00,267.42,215.39,1.24,0.93,0
2025-01-01 03:54:00,407.2,228.08,1.79,0.96,0
2025-01-01 03:55:00,331.7,218.39,1.52,0.96,0
2025-01-01 03:56:00,198.74,226.09,0.88,0.95,0
2025-01-01 03:57:00,309.32,227.61,1.36,0.93,0
2025-01-01 03:58:00,266.91,224.99,1.19,0.97,0
2025-01-01 03:59:00,342.62,217.84,1.57,0.98,0
2025-01-01 04:00:00,260.37,222.02,1.17,0.94,0
2025-01-01 04:01:00,294.26,219.88,1.34,0.94,0
2025-01-01 04:02:00,325.25,215.48,1.51,0.96,0
2025-01-01 04:03:00,343.29,221.62,1.55,0.94,0
2025-01-01 04:04:00,239.99,214.1,1.12,0.95,0
2025-01-01 04:05:00,283.27,225.94,1.25,0.96,0
2025-01-01 04:06:00,276.25,217.68,1.27,0.91,0
2025-01-01 04:07:00,267.33,221.01,1.21,0.98,0
2025-01-01 04:08:00,388.27,221.42,1.75,0.95,0
2025-01-01 04:09:00,320.25,218.71,1.46,0.94,0
2025-01-01 04:10:00,236.96,222.93,1.06,0.95,0
2025-01-01 04:11:00,345.89,217.63,1.59,0.95,0
2025-01-01 04:12:00,406.11,224.36,1.81,0.92,0
2025-01-01 04:13:00,351.62,213.27,1.65,0.98,0
2025-01-01 04:14:00,224.03,220.63,1.02,0.95,0
2025-01-01 04:15:00,275.79,229.69,1.2,0.96,0
2025-01-01 04:16:00,363.35,215.0,1.69,0.97,0
2025-01-01 04:17:00,264.62,216.61,1.22,0.93,0
2025-01-01 04:18:00,322.19,222.57,1.45,0.96,0
2025-01-01 04:19:00,338.73,220.9,1.53,0.94,0
2025-01-01 04:20:00,253.65,221.75,1.14,0.97,0
2025-01-01 04:21:00,297.02,222.45,1.34,0.91,0
2025-01-01 04:22:00,137.94,223.17,0.62,0.95,0
2025-01-01 04:23:00,248.78,225.55,1.1,0.94,0
2025-01-01 04:24:00,287.37,222.05,1.29,0.96,0
2025-01-01 04:25:00,237.61,218.79,1.09,0.96,0
2025-01-01 04:26:00,381.62,223.36,1.71,0.94,0
2025-01-01 04:27:00,228.49,229.5,1.0,0.94,0
2025-01-01 04:28:00,278.0,219.34,1.27,0.95,0
2025-01-01 04:29:00,306.54,215.13,1.42,0.93,0
2025-01-01 04:30:00,372.06,225.54,1.65,0.97,0
2025-01-01 04:31:00,228.21,219.4,1.04,0.94,0
2025-01-01 04:32:00,358.16,209.14,1.71,0.89,0
2025-01-01 04:33:00,300.51,224.24,1.34,0.94,0
2025-01-01 04:34:00,250.92,217.32,1.15,0.93,0
2025-01-01 04:35:00,323.11,219.55,1.47,0.92,0
2025-01-01 04:36:00,309.95,221.66,1.4,0.93,0
2025-01-01 04:37:00,269.99,220.95,1.22,0.95,0
2025-01-01 04:38:00,303.49,223.55,1.36,0.98,0
2025-01-01 04:39:00,280.73,217.82,1.29,0.96,0
2025-01-01 04:40:00,305.68,222.57,1.37,0.94,0
2025-01-01 04:41:00,333.11,218.7,1.52,0.96,0
2025-01-01 04:42:00,379.3,223.69,1.7,0.94,0
2025-01-01 04:43:00,238.11,223.08,1.07,0.94,0
2025-01-01 04:44:00,406.65,215.32,1.89,0.93,0
2025-01-01 04:45:00,202.4,225.43,0.9,0.91,0
2025-01-01 04:46:00,292.41,217.32,1.35,0.94,0
2025-01-01 04:47:00,329.42,224.04,1.47,0.95,0
2025-01-01 04:48:00,314.05,221.84,1.42,0.95,0
2025-01-01 04:49:00,268.87,229.19,1.17,0.94,0
2025-01-01 04:50:00,289.59,218.88,1.32,0.93,0
2025-01-01 04:51:00,275.35,218.25,1.26,0.96,0
2025-01-01 04:52:00,270.53,219.9,1.23,0.92,0
2025-01-01 04:53:00,342.48,218.48,1.57,0.97,0
2025-01-01 04:54:00,317.85,224.0,1.42,0.93,0
2025-01-01 04:55:00,265.35,211.92,1.25,0.93,0
2025-01-01 04:56:00,344.98,214.73,1.61,0.92,0
2025-01-01 04:57:00,315.36,214.66,1.47,0.94,0
2025-01-01 04:58:00,340.64,224.75,1.52,0.97,0
2025-01-01 04:59:00,331.48,228.55,1.45,0.96,0
2025-01-01 05:00:00,258.55,219.48,1.18,0.97,0
2025-01-01 05:01:00,271.99,219.16,1.24,0.96,0
2025-01-01 05:02:00,337.36,220.35,1.53,0.93,0
2025-01-01 05:03:00,330.52,225.81,1.46,0.94,0
2025-01-01 05:04:00,298.95,215.36,1.39,0.93,0
2025-01-01 05:05:00,305.87,221.19,1.38,0.98,0
2025-01-01 05:06:00,363.88,224.88,1.62,0.93,0
2025-01-01 05:07:00,270.42,222.51,1.22,0.97,0
2025-01-01 05:08:00,327.35,220.95,1.48,0.97,0
2025-01-01 05:09:00,289.89,225.01,1.29,0.99,0
2025-01-01 05:10:00,289.12,206.48,1.4,0.94,0
2025-01-01 05:11:00,354.94,223.39,1.59,0.96,0
2025-01-01 05:12:00,341.27,216.73,1.57,1.0,0
2025-01-01 05:13:00,340.68,210.85,1.62,0.94,0
2025-01-01 05:14:00,365.27,222.56,1.64,0.92,0
2025-01-01 05:15:00,301.05,226.87,1.33,0.91,0
2025-01-01 05:16:00,334.1,219.31,1.52,0.96,0
2025-01-01 05:17:00,284.49,224.76,1.27,0.91,0
2025-01-01 05:18:00,316.21,228.06,1.39,0.94,0
2025-01-01 05:19:00,293.49,226.57,1.3,0.96,0
2025-01-01 05:20:00,304.85,228.2,1.34,0.95,0
2025-01-01 05:21:00,329.76,223.71,1.47,0.96,0
2025-01-01 05:22:00,259.09,220.38,1.18,0.95,0
2025-01-01 05:23:00,404.62,211.99,1.91,0.98,0
2025-01-01 05:24:00,249.7,218.77,1.14,0.93,0
2025-01-01 05:25:00,239.29,215.78,1.11,0.94,0
2025-01-01 05:26:00,357.91,230.85,1.55,0.93,0
2025-01-01 05:27:00,339.58,219.12,1.55,0.97,0
2025-01-01 05:28:00,331.21,220.62,1.5,0.97,0
2025-01-01 05:29:00,331.42,222.76,1.49,0.96,0
2025-01-01 05:30:00,299.39,220.22,1.36,0.97,0
2025-01-01 05:31:00,255.14,228.48,1.12,0.93,0
2025-01-01 05:32:00,303.79,216.89,1.4,0.98,0
2025-01-01 05:33:00,266.14,220.97,1.2,0.98,0
2025-01-01 05:34:00,348.76,216.29,1.61,0.96,0
2025-01-01 05:35:00,292.65,213.4,1.37,0.99,0
2025-01-01 05:36:00,258.73,216.94,1.19,0.92,0
2025-01-01 05:37:00,283.93,219.81,1.29,0.94,0
2025-01-01 05:38:00,320.65,217.85,1.47,0.94,0
2025-01-01 05:39:00,271.81,216.54,1.26,0.96,0
2025-01-01 05:40:00,258.89,212.97,1.22,0.93,0
2025-01-01 05:41:00,312.18,219.58,1.42,0.97,0
2025-01-01 05:42:00,312.25,212.48,1.47,0.98,0
2025-01-01 05:43:00,274.65,223.8,1.23,0.96,0
2025-01-01 05:44:00,276.45,220.41,1.25,0.96,0
2025-01-01 05:45:00,311.6,212.71,1.46,0.93,0
2025-01-01 05:46:00,227.6,218.45,1.04,0.93,0
2025-01-01 05:47:00,229.63,216.24,1.06,0.97,0
2025-01-01 05:48:00,264.08,221.6,1.19,0.97,0
2025-01-01 05:49:00,289.33,226.7,1.28,0.95,0
2025-01-01 05:50:00,315.55,210.62,1.5,0.94,0
2025-01-01 05:51:00,373.77,220.58,1.69,0.91,0
2025-01-01 05:52:00,342.88,219.2,1.56,0.93,0
2025-01-01 05:53:00,292.0,223.36,1.31,0.99,0
2025-01-01 05:54:00,299.05,221.07,1.35,0.92,0
2025-01-01 05:55:00,249.87,216.24,1.16,0.95,0
2025-01-01 05:56:00,299.07,218.4,1.37,0.97,0
2025-01-01 05:57:00,285.57,216.02,1.32,0.92,0
2025-01-01 05:58:00,316.14,225.38,1.4,0.95,0
2025-01-01 05:59:00,258.64,220.11,1.18,0.97,0
2025-01-01 06:00:00,325.97,229.51,1.42,0.95,0
2025-01-01 06:01:00,376.64,219.7,1.71,1.01,0
2025-01-01 06:02:00,294.56,216.46,1.36,0.92,0
2025-01-01 06:03:00,320.09,212.43,1.51,0.97,0
2025-01-01 06:04:00,334.51,210.98,1.59,0.95,0
2025-01-01 06:05:00,279.94,212.08,1.32,0.97,0
2025-01-01 06:06:00,311.2,221.34,1.41,0.96,0
2025-01-01 06:07:00,300.63,222.54,1.35,0.94,0
2025-01-01 06:08:00,304.88,212.09,1.44,0.95,0
2025-01-01 06:09:00,261.35,224.48,1.16,0.91,0
2025-01-01 06:10:00,301.23,217.58,1.38,0.96,0
2025-01-01 06:11:00,324.9,220.73,1.47,0.96,0
2025-01-01 06:12:00,372.56,228.06,1.63,0.96,0
2025-01-01 06:13:00,347.96,224.48,1.55,0.97,0
2025-01-01 06:14:00,407.66,218.66,1.86,0.96,0
2025-01-01 06:15:00,261.63,215.54,1.21,0.95,0
2025-01-01 06:16:00,343.62,209.24,1.64,0.93,0
2025-01-01 06:17:00,309.17,216.4,1.43,0.94,0
2025-01-01 06:18:00,409.49,218.94,1.87,0.97,0
2025-01-01 06:19:00,259.59,215.06,1.21,0.98,0
2025-01-01 06:20:00,258.01,219.34,1.18,0.95,0
2025-01-01 06:21:00,270.03,220.38,1.23,0.95,0
2025-01-01 06:22:00,193.81,218.88,0.89,0.93,0
2025-01-01 06:23:00,273.71,216.75,1.26,0.97,0
2025-01-01 06:24:00,262.04,220.84,1.19,0.96,0
2025-01-01 06:25:00,307.52,222.21,1.38,0.99,0
2025-01-01 06:26:00,317.09,214.55,1.48,0.93,0
2025-01-01 06:27:00,393.81,227.05,1.73,0.94,0
2025-01-01 06:28:00,347.52,219.51,1.58,0.95,0
2025-01-01 06:29:00,271.15,220.09,1.23,0.96,0
2025-01-01 06:30:00,255.08,223.54,1.14,0.95,0
2025-01-01 06:31:00,324.6,221.17,1.47,0.93,0
2025-01-01 06:32:00,233.99,224.77,1.04,0.97,0
2025-01-01 06:33:00,391.57,221.44,1.77,0.96,0
2025-01-01 06:34:00,358.97,216.94,1.65,0.93,0
2025-01-01 06:35:00,276.54,221.81,1.25,0.98,0
2025-01-01 06:36:00,214.34,214.28,1.0,0.97,0
2025-01-01 06:37:00,367.69,220.54,1.67,0.95,0
2025-01-01 06:38:00,294.27,219.83,1.34,0.95,0
2025-01-01 06:39:00,361.89,218.96,1.65,0.96,0
2025-01-01 06:40:00,220.28,219.36,1.0,0.93,0
2025-01-01 06:41:00,270.03,210.59,1.28,0.95,0
2025-01-01 06:42:00,300.26,217.26,1.38,0.91,0
2025-01-01 06:43:00,302.35,220.46,1.37,0.97,0
2025-01-01 06:44:00,277.5,220.8,1.26,0.92,0
2025-01-01 06:45:00,331.14,214.86,1.54,0.98,0
2025-01-01 06:46:00,246.62,226.33,1.09,0.94,0
2025-01-01 06:47:00,292.88,215.67,1.36,0.95,0
2025-01-01 06:48:00,306.01,224.85,1.36,0.94,0
2025-01-01 06:49:00,325.72,222.14,1.47,0.94,0
2025-01-01 06:50:00,335.58,216.77,1.55,0.98,0
2025-01-01 06:51:00,243.77,228.88,1.07,0.9,0
2025-01-01 06:52:00,223.29,214.03,1.04,0.98,0
2025-01-01 06:53:00,363.88,224.6,1.62,0.96,0
2025-01-01 06:54:00,316.62,225.0,1.41,0.93,0
2025-01-01 06:55:00,262.58,216.65,1.21,0.93,0
2025-01-01 06:56:00,377.56,226.96,1.66,0.98,0
2025-01-01 06:57:00,305.78,218.75,1.4,0.93,0
2025-01-01 06:58:00,358.96,221.44,1.62,0.93,0
2025-01-01 06:59:00,303.38,221.3,1.37,0.97,0
2025-01-01 07:00:00,403.04,219.33,1.84,0.96,0
2025-01-01 07:01:00,387.77,224.05,1.73,0.93,0
2025-01-01 07:02:00,287.55,223.97,1.28,0.95,0
2025-01-01 07:03:00,348.58,211.26,1.65,0.93,0
2025-01-01 07:04:00,332.27,226.52,1.47,0.97,0
2025-01-01 07:05:00,368.43,211.69,1.74,0.97,0
2025-01-01 07:06:00,251.75,225.16,1.12,0.96,0
2025-01-01 07:07:00,334.3,225.63,1.48,0.96,0
2025-01-01 07:08:00,352.92,214.55,1.64,0.99,0
2025-01-01 07:09:00,212.06,217.95,0.97,0.95,0
2025-01-01 07:10:00,240.84,214.47,1.12,0.93,0
2025-01-01 07:11:00,198.04,218.93,0.9,0.96,0
2025-01-01 07:12:00,286.53,218.46,1.31,0.99,0
2025-01-01 07:13:00,335.88,223.9,1.5,0.93,0
2025-01-01 07:14:00,375.12,226.55,1.66,0.94,0
2025-01-01 07:15:00,303.7,226.98,1.34,0.96,0
2025-01-01 07:16:00,381.43,217.19,1.76,0.95,0
2025-01-01 07:17:00,230.99,218.95,1.05,0.93,0
2025-01-01 07:18:00,214.83,211.58,1.02,0.97,0
2025-01-01 07:19:00,297.22,215.97,1.38,1.0,0
2025-01-01 07:20:00,319.2,224.82,1.42,0.95,0
2025-01-01 07:21:00,298.37,228.08,1.31,0.93,0
2025-01-01 07:22:00,196.63,213.83,0.92,0.92,0
2025-01-01 07:23:00,295.54,217.04,1.36,0.96,0
2025-01-01 07:24:00,234.78,219.87,1.07,0.97,0
2025-01-01 07:25:00,333.48,221.4,1.51,0.96,0
2025-01-01 07:26:00,318.33,215.95,1.47,0.95,0
2025-01-01 07:27:00,253.01,222.12,1.14,0.94,0
2025-01-01 07:28:00,274.31,217.63,1.26,0.93,0
2025-01-01 07:29:00,247.04,219.93,1.12,0.97,0
2025-01-01 07:30:00,296.87,222.73,1.33,0.97,0
2025-01-01 07:31:00,347.76,220.03,1.58,0.92,0
2025-01-01 07:32:00,250.71,217.82,1.15,0.98,0
2025-01-01 07:33:00,325.2,219.45,1.48,0.96,0
2025-01-01 07:34:00,273.49,219.56,1.25,0.98,0
2025-01-01 07:35:00,260.36,218.15,1.19,0.92,0
2025-01-01 07:36:00,294.65,218.71,1.35,0.92,0
2025-01-01 07:37:00,248.24,227.99,1.09,0.95,0
2025-01-01 07:38:00,272.32,222.8,1.22,0.96,0
2025-01-01 07:39:00,240.11,218.52,1.1,0.99,0
2025-01-01 07:40:00,398.24,223.48,1.78,0.96,0
2025-01-01 07:41:00,301.76,218.33,1.38,0.95,0
2025-01-01 07:42:00,265.01,225.87,1.17,0.93,0
2025-01-01 07:43:00,310.7,221.85,1.4,0.97,0
2025-01-01 07:44:00,294.38,219.46,1.34,0.93,0
2025-01-01 07:45:00,288.95,222.24,1.3,0.98,0
2025-01-01 07:46:00,330.71,212.15,1.56,0.94,0
2025-01-01 07:47:00,337.88,214.37,1.58,0.98,0
2025-01-01 07:48:00,273.47,214.03,1.28,0.96,0
2025-01-01 07:49:00,271.21,220.71,1.23,0.95,0
2025-01-01 07:50:00,286.25,228.66,1.25,0.94,0
2025-01-01 07:51:00,184.9,231.16,0.8,0.94,0
2025-01-01 07:52:00,224.24,223.19,1.0,0.96,0
2025-01-01 07:53:00,368.34,222.5,1.66,0.95,0
2025-01-01 07:54:00,382.25,210.99,1.81,0.94,0
2025-01-01 07:55:00,287.55,217.29,1.32,0.95,0
2025-01-01 07:56:00,328.83,216.06,1.52,0.95,0
2025-01-01 07:57:00,315.56,216.9,1.45,0.91,0
2025-01-01 07:58:00,453.94,219.16,2.07,0.96,0
2025-01-01 07:59:00,355.98,217.64,1.64,0.93,0
2025-01-01 08:00:00,293.6,210.1,1.4,0.93,0
2025-01-01 08:01:00,252.22,223.74,1.13,0.92,0
2025-01-01 08:02:00,219.68,214.64,1.02,0.91,0
2025-01-01 08:03:00,310.17,221.2,1.4,0.92,0
2025-01-01 08:04:00,262.18,230.37,1.14,0.94,0
2025-01-01 08:05:00,228.89,215.4,1.06,0.99,0
2025-01-01 08:06:00,267.67,207.35,1.29,0.94,0
2025-01-01 08:07:00,245.92,218.57,1.13,0.95,0
2025-01-01 08:08:00,384.36,225.5,1.7,0.96,0
2025-01-01 08:09:00,344.08,229.79,1.5,0.95,0
2025-01-01 08:10:00,299.6,213.85,1.4,0.95,0
2025-01-01 08:11:00,374.0,222.48,1.68,0.93,0
2025-01-01 08:12:00,303.87,217.67,1.4,0.98,0
2025-01-01 08:13:00,256.94,219.47,1.17,0.99,0
2025-01-01 08:14:00,376.16,233.22,1.61,0.92,0
2025-01-01 08:15:00,326.95,212.49,1.54,0.93,0
2025-01-01 08:16:00,248.14,221.27,1.12,0.94,0
2025-01-01 08:17:00,290.48,222.34,1.31,0.93,0
2025-01-01 08:18:00,256.22,225.43,1.14,0.96,0
2025-01-01 08:19:00,230.86,220.49,1.05,0.94,0
2025-01-01 08:20:00,346.31,221.54,1.56,0.99,0
2025-01-01 08:21:00,395.47,218.04,1.81,0.97,0
2025-01-01 08:22:00,230.07,221.35,1.04,0.95,0
2025-01-01 08:23:00,328.15,218.28,1.5,0.97,0
2025-01-01 08:24:00,267.47,223.11,1.2,0.97,0
2025-01-01 08:25:00,275.64,218.15,1.26,0.94,0
2025-01-01 08:26:00,270.38,221.89,1.22,0.93,0
2025-01-01 08:27:00,256.8,219.85,1.17,0.95,0
2025-01-01 08:28:00,302.43,225.63,1.34,0.97,0
2025-01-01 08:29:00,258.45,219.74,1.18,0.95,0
2025-01-01 08:30:00,313.52,211.13,1.48,0.92,0
2025-01-01 08:31:00,297.49,226.31,1.31,0.93,0
2025-01-01 08:32:00,288.05,215.47,1.34,0.95,0
2025-01-01 08:33:00,254.62,216.73,1.17,0.95,0
2025-01-01 08:34:00,271.16,217.02,1.25,0.99,0
2025-01-01 08:35:00,337.77,226.87,1.49,0.92,0
2025-01-01 08:36:00,325.05,209.32,1.55,0.96,0
2025-01-01 08:37:00,251.12,235.69,1.07,0.98,0
2025-01-01 08:38:00,304.97,225.28,1.35,1.0,0
2025-01-01 08:39:00,337.57,221.12,1.53,0.94,0
2025-01-01 08:40:00,216.53,219.73,0.99,0.96,0
2025-01-01 08:41:00,327.17,221.43,1.48,0.96,0
2025-01-01 08:42:00,266.87,222.61,1.2,0.95,0
2025-01-01 08:43:00,328.53,223.23,1.47,0.95,0
2025-01-01 08:44:00,261.84,222.78,1.18,0.96,0
2025-01-01 08:45:00,209.76,220.45,0.95,0.9,0
2025-01-01 08:46:00,218.62,219.01,1.0,0.96,0
2025-01-01 08:47:00,302.4,219.24,1.38,0.95,0
2025-01-01 08:48:00,312.99,219.03,1.43,0.95,0
2025-01-01 08:49:00,254.78,225.67,1.13,0.99,0
2025-01-01 08:50:00,331.93,222.97,1.49,0.94,0
2025-01-01 08:51:00,216.92,205.3,1.06,0.94,0
2025-01-01 08:52:00,296.7,223.28,1.33,0.99,0
2025-01-01 08:53:00,239.45,220.97,1.08,0.93,0
2025-01-01 08:54:00,267.41,219.91,1.22,0.94,0
2025-01-01 08:55:00,302.37,218.06,1.39,0.95,0
2025-01-01 08:56:00,256.98,225.62,1.14,0.97,0
2025-01-01 08:57:00,280.77,224.74,1.25,0.95,0
2025-01-01 08:58:00,350.31,216.14,1.62,0.92,0
2025-01-01 08:59:00,271.16,222.04,1.22,0.94,0
2025-01-01 09:00:00,341.78,215.14,1.59,0.94,0
2025-01-01 09:01:00,243.51,213.1,1.14,0.95,0
2025-01-01 09:02:00,326.49,216.87,1.51,0.96,0
2025-01-01 09:03:00,372.08,224.31,1.66,0.96,0
2025-01-01 09:04:00,176.42,224.77,0.78,0.91,0
2025-01-01 09:05:00,260.16,222.57,1.17,0.97,0
2025-01-01 09:06:00,328.85,223.63,1.47,0.96,0
2025-01-01 09:07:00,289.85,222.58,1.3,0.98,0
2025-01-01 09:08:00,318.56,216.79,1.47,0.96,0
2025-01-01 09:09:00,269.8,222.16,1.21,0.97,0
2025-01-01 09:10:00,304.33,224.0,1.36,0.96,0
2025-01-01 09:11:00,292.22,223.77,1.31,0.98,0
2025-01-01 09:12:00,358.39,225.94,1.59,0.96,0
2025-01-01 09:13:00,312.72,223.54,1.4,0.95,0
2025-01-01 09:14:00,316.88,221.76,1.43,1.0,0
2025-01-01 09:15:00,279.41,225.35,1.24,0.97,0
2025-01-01 09:16:00,275.62,219.87,1.25,0.96,0
2025-01-01 09:17:00,278.37,215.59,1.29,0.92,0
2025-01-01 09:18:00,319.72,219.18,1.46,0.92,0
2025-01-01 09:19:00,278.95,216.28,1.29,0.96,0
2025-01-01 09:20:00,314.49,216.62,1.45,0.95,0
2025-01-01 09:21:00,403.77,219.28,1.84,0.94,0
2025-01-01 09:22:00,343.56,216.04,1.59,0.95,0
2025-01-01 09:23:00,283.7,218.46,1.3,0.98,0
2025-01-01 09:24:00,360.06,210.53,1.71,0.96,0
2025-01-01 09:25:00,279.6,221.07,1.26,0.93,0
2025-01-01 09:26:00,198.09,220.01,0.9,0.95,0
2025-01-01 09:27:00,249.6,215.91,1.16,0.93,0
2025-01-01 09:28:00,206.46,223.3,0.92,0.94,0
2025-01-01 09:29:00,282.42,224.69,1.26,0.94,0
2025-01-01 09:30:00,300.92,211.96,1.42,0.94,0
2025-01-01 09:31:00,383.82,216.19,1.78,0.92,0
2025-01-01 09:32:00,316.35,216.15,1.46,0.95,0
2025-01-01 09:33:00,289.04,215.3,1.34,0.94,0
2025-01-01 09:34:00,341.47,224.15,1.52,0.89,0
2025-01-01 09:35:00,189.44,219.03,0.86,0.99,0
2025-01-01 09:36:00,311.78,218.68,1.43,0.97,0
2025-01-01 09:37:00,338.54,209.98,1.61,0.94,0
2025-01-01 09:38:00,226.07,223.18,1.01,0.95,0
2025-01-01 09:39:00,357.19,213.8,1.67,0.93,0
2025-01-01 09:40:00,316.92,220.3,1.44,0.98,0
2025-01-01 09:41:00,279.24,221.39,1.26,0.99,0
2025-01-01 09:42:00,331.64,226.8,1.46,0.95,0
2025-01-01 09:43:00,413.53,213.46,1.94,0.97,0
2025-01-01 09:44:00,309.09,204.9,1.51,0.95,0
2025-01-01 09:45:00,312.41,220.92,1.41,0.92,0
2025-01-01 09:46:00,277.03,229.0,1.21,0.94,0
2025-01-01 09:47:00,257.51,226.19,1.14,0.95,0
2025-01-01 09:48:00,341.52,221.05,1.54,0.94,0
2025-01-01 09:49:00,257.2,217.54,1.18,0.95,0
2025-01-01 09:50:00,303.58,224.04,1.36,0.95,0
2025-01-01 09:51:00,276.12,215.13,1.28,0.95,0
2025-01-01 09:52:00,323.95,222.38,1.46,0.95,0
2025-01-01 09:53:00,316.68,222.53,1.42,0.93,0
2025-01-01 09:54:00,351.88,225.3,1.56,0.94,0
2025-01-01 09:55:00,274.5,233.8,1.17,0.92,0
2025-01-01 09:56:00,286.51,221.96,1.29,0.97,0
2025-01-01 09:57:00,251.06,217.46,1.15,0.91,0
2025-01-01 09:58:00,277.79,219.87,1.26,0.97,0
2025-01-01 09:59:00,318.87,211.15,1.51,0.98,0
2025-01-01 10:00:00,337.85,216.53,1.56,0.94,0
2025-01-01 10:01:00,253.89,217.95,1.16,0.9,0
2025-01-01 10:02:00,343.48,217.38,1.58,0.94,0
2025-01-01 10:03:00,367.78,220.76,1.67,0.95,0
2025-01-01 10:04:00,320.67,215.89,1.49,0.93,0
2025-01-01 10:05:00,393.84,225.61,1.75,0.94,0
2025-01-01 10:06:00,261.31,220.0,1.19,0.98,0
2025-01-01 10:07:00,237.77,219.95,1.08,0.96,0
2025-01-01 10:08:00,211.06,218.36,0.97,0.93,0
2025-01-01 10:09:00,374.8,220.78,1.7,0.92,0
2025-01-01 10:10:00,332.72,224.13,1.48,0.94,0
2025-01-01 10:11:00,297.22,215.66,1.38,0.95,0
2025-01-01 10:12:00,314.0,216.71,1.45,0.96,0
2025-01-01 10:13:00,243.73,218.48,1.12,0.94,0
2025-01-01 10:14:00,422.29,213.27,1.98,0.96,0
2025-01-01 10:15:00,306.46,215.9,1.42,0.99,0
2025-01-01 10:16:00,305.47,217.62,1.4,0.97,0
2025-01-01 10:17:00,336.29,224.37,1.5,0.95,0
2025-01-01 10:18:00,324.05,221.31,1.46,0.95,0
2025-01-01 10:19:00,311.19,220.97,1.41,0.94,0
2025-01-01 10:20:00,260.48,224.25,1.16,0.97,0
2025-01-01 10:21:00,323.57,219.31,1.48,0.94,0
2025-01-01 10:22:00,394.1,221.95,1.78,0.95,0
2025-01-01 10:23:00,367.27,219.48,1.67,0.95,0
2025-01-01 10:24:00,379.66,221.33,1.72,0.94,0
2025-01-01 10:25:00,274.44,217.09,1.26,0.92,0
2025-01-01 10:26:00,250.52,207.81,1.21,0.96,0
2025-01-01 10:27:00,293.71,219.33,1.34,0.95,0
2025-01-01 10:28:00,302.79,227.11,1.33,0.96,0
2025-01-01 10:29:00,354.71,224.63,1.58,0.94,0
2025-01-01 10:30:00,215.38,224.83,0.96,0.97,0
2025-01-01 10:31:00,376.48,226.18,1.66,0.93,0
2025-01-01 10:32:00,292.1,220.44,1.33,0.98,0
2025-01-01 10:33:00,278.66,220.99,1.26,0.92,0
2025-01-01 10:34:00,249.39,216.91,1.15,0.96,0
2025-01-01 10:35:00,217.26,218.42,0.99,0.96,0
2025-01-01 10:36:00,341.16,223.08,1.53,0.93,0
2025-01-01 10:37:00,303.67,226.02,1.34,0.96,0
2025-01-01 10:38:00,235.5,219.3,1.07,0.98,0
2025-01-01 10:39:00,235.25,217.75,1.08,0.91,0
2025-01-01 10:40:00,283.21,220.0,1.29,0.96,0
2025-01-01 10:41:00,383.45,223.01,1.72,0.9,0
2025-01-01 10:42:00,287.02,212.78,1.35,0.93,0
2025-01-01 10:43:00,224.84,208.52,1.08,0.98,0
2025-01-01 10:44:00,287.71,217.25,1.32,0.94,0
2025-01-01 10:45:00,286.36,213.9,1.34,0.93,0
2025-01-01 10:46:00,165.16,217.46,0.76,0.95,0
2025-01-01 10:47:00,297.29,219.26,1.36,0.99,0
2025-01-01 10:48:00,288.45,217.73,1.32,0.91,0
2025-01-01 10:49:00,334.81,227.26,1.47,0.93,0
2025-01-01 10:50:00,392.45,221.63,1.77,0.98,0
2025-01-01 10:51:00,356.33,221.5,1.61,0.99,0
2025-01-01 10:52:00,286.56,223.11,1.28,0.95,0
2025-01-01 10:53:00,244.67,214.31,1.14,0.93,0
2025-01-01 10:54:00,428.67,225.2,1.9,0.99,0
2025-01-01 10:55:00,302.96,219.62,1.38,0.98,0
2025-01-01 10:56:00,300.7,223.35,1.35,0.96,0
2025-01-01 10:57:00,298.79,214.64,1.39,0.93,0
2025-01-01 10:58:00,309.9,212.23,1.46,0.95,0
2025-01-01 10:59:00,292.78,224.09,1.31,0.95,0
2025-01-01 11:00:00,271.32,221.88,1.22,0.96,0
2025-01-01 11:01:00,272.66,215.49,1.27,0.98,0
2025-01-01 11:02:00,298.36,215.65,1.38,0.97,0
2025-01-01 11:03:00,272.83,225.63,1.21,0.93,0
2025-01-01 11:04:00,264.36,214.05,1.24,0.98,0
2025-01-01 11:05:00,305.32,228.21,1.34,0.96,0
2025-01-01 11:06:00,287.25,215.5,1.33,0.96,0
2025-01-01 11:07:00,375.2,223.19,1.68,0.98,0
2025-01-01 11:08:00,167.45,218.36,0.77,0.93,0
2025-01-01 11:09:00,354.58,223.02,1.59,0.95,0
2025-01-01 11:10:00,362.3,217.28,1.67,0.94,0
2025-01-01 11:11:00,196.33,219.19,0.9,0.92,0
2025-01-01 11:12:00,282.87,220.2,1.28,0.96,0
2025-01-01 11:13:00,281.43,214.99,1.31,1.0,0
2025-01-01 11:14:00,229.62,223.7,1.03,0.91,0
2025-01-01 11:15:00,261.11,217.43,1.2,0.95,0
2025-01-01 11:16:00,244.47,218.86,1.12,0.96,0
2025-01-01 11:17:00,387.61,215.03,1.8,0.95,0
2025-01-01 11:18:00,346.78,207.19,1.67,0.95,0
2025-01-01 11:19:00,363.58,219.04,1.66,0.92,0
2025-01-01 11:20:00,336.08,232.06,1.45,0.95,0
2025-01-01 11:21:00,243.55,223.92,1.09,0.93,0
2025-01-01 11:22:00,273.77,219.9,1.24,0.91,0
2025-01-01 11:23:00,324.47,218.69,1.48,0.97,0
2025-01-01 11:24:00,238.89,220.11,1.09,0.97,0
2025-01-01 11:25:00,335.65,222.74,1.51,0.95,0
2025-01-01 11:26:00,287.98,214.1,1.35,0.95,0
2025-01-01 11:27:00,281.26,225.57,1.25,0.97,0
2025-01-01 11:28:00,335.55,223.58,1.5,0.95,0
2025-01-01 11:29:00,322.21,223.59,1.44,0.97,0
2025-01-01 11:30:00,281.95,222.19,1.27,0.94,0
2025-01-01 11:31:00,357.97,220.1,1.63,0.98,0
2025-01-01 11:32:00,245.95,223.36,1.1,0.96,0
2025-01-01 11:33:00,330.8,222.96,1.48,0.95,0
2025-01-01 11:34:00,329.66,218.23,1.51,0.92,0
2025-01-01 11:35:00,284.52,217.13,1.31,0.96,0
2025-01-01 11:36:00,316.31,220.51,1.43,0.93,0
2025-01-01 11:37:00,237.44,227.75,1.04,0.94,0
2025-01-01 11:38:00,346.2,213.8,1.62,0.93,0
2025-01-01 11:39:00,290.75,212.66,1.37,0.93,0
2025-01-01 11:40:00,273.86,220.82,1.24,0.99,0
2025-01-01 11:41:00,352.45,220.25,1.6,0.98,0
2025-01-01 11:42:00,264.78,220.87,1.2,0.99,0
2025-01-01 11:43:00,229.58,221.22,1.04,0.93,0
2025-01-01 11:44:00,222.17,218.88,1.02,0.95,0
2025-01-01 11:45:00,330.3,227.45,1.45,0.92,0
2025-01-01 11:46:00,235.98,212.0,1.11,0.94,0
2025-01-01 11:47:00,387.74,215.86,1.8,0.93,0
2025-01-01 11:48:00,195.9,219.48,0.89,0.97,0
2025-01-01 11:49:00,384.82,211.78,1.82,0.94,0
2025-01-01 11:50:00,310.55,219.12,1.42,0.97,0
2025-01-01 11:51:00,295.16,228.31,1.29,0.96,0
2025-01-01 11:52:00,272.75,220.1,1.24,1.0,0
2025-01-01 11:53:00,319.96,221.15,1.45,0.92,0
2025-01-01 11:54:00,298.12,213.7,1.4,0.98,0
2025-01-01 11:55:00,355.17,216.92,1.64,0.97,0
2025-01-01 11:56:00,305.71,218.12,1.4,0.93,0
2025-01-01 11:57:00,307.52,218.41,1.41,0.97,0
2025-01-01 11:58:00,281.82,226.41,1.24,0.96,0
2025-01-01 11:59:00,297.15,222.79,1.33,0.95,0
2025-01-01 12:00:00,315.39,214.44,1.47,0.93,0
2025-01-01 12:01:00,214.49,221.23,0.97,0.94,0
2025-01-01 12:02:00,232.59,222.49,1.05,0.99,0
2025-01-01 12:03:00,337.16,225.7,1.49,0.95,0
2025-01-01 12:04:00,308.54,227.9,1.35,0.97,0
2025-01-01 12:05:00,290.8,214.92,1.35,0.93,0
2025-01-01 12:06:00,300.92,215.95,1.39,0.93,0
2025-01-01 12:07:00,317.38,213.71,1.49,0.97,0
2025-01-01 12:08:00,273.01,218.83,1.25,0.92,0
2025-01-01 12:09:00,261.08,222.33,1.17,0.94,0
2025-01-01 12:10:00,309.79,224.94,1.38,0.95,0
2025-01-01 12:11:00,251.08,219.62,1.14,0.95,0
2025-01-01 12:12:00,320.41,218.4,1.47,0.95,0
2025-01-01 12:13:00,214.87,220.76,0.97,0.96,0
2025-01-01 12:14:00,351.46,215.82,1.63,0.96,0
2025-01-01 12:15:00,323.63,230.45,1.4,0.96,0
2025-01-01 12:16:00,312.8,211.96,1.48,0.93,0
2025-01-01 12:17:00,349.13,220.92,1.58,0.94,0
2025-01-01 12:18:00,383.27,230.12,1.67,0.97,0
2025-01-01 12:19:00,350.72,220.03,1.59,0.97,0
2025-01-01 12:20:00,207.96,219.05,0.95,0.92,0
2025-01-01 12:21:00,236.02,218.21,1.08,0.96,0
2025-01-01 12:22:00,268.76,219.1,1.23,0.91,0
2025-01-01 12:23:00,301.3,226.86,1.33,0.95,0
2025-01-01 12:24:00,325.88,208.94,1.56,0.99,0
2025-01-01 12:25:00,263.71,227.67,1.16,0.93,0
2025-01-01 12:26:00,309.34,212.88,1.45,0.93,0
2025-01-01 12:27:00,262.23,218.67,1.2,0.97,0
2025-01-01 12:28:00,269.42,217.85,1.24,0.92,0
2025-01-01 12:29:00,229.67,222.94,1.03,0.94,0
2025-01-01 12:30:00,253.84,212.01,1.2,0.96,0
2025-01-01 12:31:00,232.42,222.31,1.05,0.94,0
2025-01-01 12:32:00,251.21,230.12,1.09,0.95,0
2025-01-01 12:33:00,352.68,213.18,1.65,0.96,0
2025-01-01 12:34:00,252.53,220.95,1.14,0.96,0
2025-01-01 12:35:00,431.62,216.69,1.99,0.96,0
2025-01-01 12:36:00,324.67,222.13,1.46,0.94,0
2025-01-01 12:37:00,309.24,220.1,1.41,0.96,0
2025-01-01 12:38:00,257.08,216.79,1.19,0.95,0
2025-01-01 12:39:00,335.02,222.44,1.51,0.96,0
2025-01-01 12:40:00,271.22,229.02,1.18,0.94,0
2025-01-01 12:41:00,306.1,219.05,1.4,0.95,0
2025-01-01 12:42:00,428.0,223.6,1.91,0.93,0
2025-01-01 12:43:00,295.2,213.53,1.38,0.95,0
2025-01-01 12:44:00,357.46,215.22,1.66,0.93,0
2025-01-01 12:45:00,264.84,222.36,1.19,0.93,0
2025-01-01 12:46:00,298.25,227.42,1.31,0.96,0
2025-01-01 12:47:00,388.54,221.78,1.75,0.95,0
2025-01-01 12:48:00,268.65,218.43,1.23,0.97,0
2025-01-01 12:49:00,390.62,220.0,1.78,0.94,0
2025-01-01 12:50:00,335.39,213.75,1.57,0.96,0
2025-01-01 12:51:00,271.88,223.02,1.22,0.96,0
2025-01-01 12:52:00,331.62,224.41,1.48,0.96,0
2025-01-01 12:53:00,348.63,217.74,1.6,0.93,0
2025-01-01 12:54:00,331.09,217.65,1.52,0.95,0
2025-01-01 12:55:00,221.49,221.33,1.0,0.96,0
2025-01-01 12:56:00,263.64,217.82,1.21,0.95,0
2025-01-01 12:57:00,287.62,219.67,1.31,0.91,0
2025-01-01 12:58:00,296.28,230.5,1.29,0.95,0
2025-01-01 12:59:00,331.03,218.76,1.51,0.99,0
2025-01-01 13:00:00,308.89,218.21,1.42,0.94,0
2025-01-01 13:01:00,233.23,216.76,1.08,0.94,0
2025-01-01 13:02:00,319.01,223.72,1.43,0.96,0
2025-01-01 13:03:00,330.53,219.09,1.51,0.96,0
2025-01-01 13:04:00,327.99,216.75,1.51,0.97,0
2025-01-01 13:05:00,354.04,226.61,1.56,0.92,0
2025-01-01 13:06:00,341.7,227.1,1.5,0.96,0
2025-01-01 13:07:00,322.96,217.0,1.49,0.96,0
2025-01-01 13:08:00,296.49,210.67,1.41,0.95,0
2025-01-01 13:09:00,216.95,225.04,0.96,0.96,0
2025-01-01 13:10:00,321.48,216.58,1.48,0.97,0
2025-01-01 13:11:00,310.38,223.95,1.39,0.97,0
2025-01-01 13:12:00,313.58,210.15,1.49,0.93,0
2025-01-01 13:13:00,236.16,224.46,1.05,0.97,0
2025-01-01 13:14:00,245.95,213.94,1.15,0.95,0
2025-01-01 13:15:00,352.66,223.65,1.58,0.95,0
2025-01-01 13:16:00,298.02,220.07,1.35,0.95,0
2025-01-01 13:17:00,334.08,215.23,1.55,0.95,0
2025-01-01 13:18:00,301.42,217.96,1.38,0.97,0
2025-01-01 13:19:00,301.49,223.43,1.35,0.95,0
2025-01-01 13:20:00,346.91,220.53,1.57,0.93,0
2025-01-01 13:21:00,274.2,222.92,1.23,0.94,0
2025-01-01 13:22:00,304.81,229.88,1.33,0.95,0
2025-01-01 13:23:00,276.89,212.18,1.3,0.97,0
2025-01-01 13:24:00,278.28,228.09,1.22,0.96,0
2025-01-01 13:25:00,284.54,220.52,1.29,0.93,0
2025-01-01 13:26:00,311.11,215.51,1.44,1.0,0
2025-01-01 13:27:00,276.06,213.35,1.29,0.96,0
2025-01-01 13:28:00,362.79,219.05,1.66,0.98,0
2025-01-01 13:29:00,255.27,224.61,1.14,0.95,0
2025-01-01 13:30:00,290.66,219.36,1.33,0.96,0
2025-01-01 13:31:00,278.01,227.56,1.22,0.97,0
2025-01-01 13:32:00,372.35,212.74,1.75,0.97,0
2025-01-01 13:33:00,309.83,219.94,1.41,0.97,0
2025-01-01 13:34:00,351.59,213.74,1.64,0.97,0
2025-01-01 13:35:00,225.72,221.82,1.02,0.94,0
2025-01-01 13:36:00,313.35,224.43,1.4,0.94,0
2025-01-01 13:37:00,344.48,217.9,1.58,0.96,0
2025-01-01 13:38:00,304.11,206.98,1.47,0.97,0
2025-01-01 13:39:00,353.27,220.99,1.6,0.95,0
2025-01-01 13:40:00,274.14,222.18,1.23,0.97,0
2025-01-01 13:41:00,370.47,222.02,1.67,0.98,0
2025-01-01 13:42:00,414.94,226.18,1.83,0.93,0
2025-01-01 13:43:00,281.86,214.64,1.31,0.93,0
2025-01-01 13:44:00,277.72,223.4,1.24,0.95,0
2025-01-01 13:45:00,372.67,225.96,1.65,0.96,0
2025-01-01 13:46:00,378.98,211.11,1.8,0.94,0
2025-01-01 13:47:00,273.86,221.6,1.24,0.98,0
2025-01-01 13:48:00,278.99,217.48,1.28,0.96,0
2025-01-01 13:49:00,285.91,219.59,1.3,0.95,0
2025-01-01 13:50:00,232.78,221.74,1.05,0.92,0
2025-01-01 13:51:00,254.07,217.56,1.17,0.92,0
2025-01-01 13:52:00,249.79,216.62,1.15,0.96,0
2025-01-01 13:53:00,261.61,220.17,1.19,0.91,0
2025-01-01 13:54:00,298.27,214.56,1.39,0.97,0
2025-01-01 13:55:00,311.71,214.57,1.45,0.95,0
2025-01-01 13:56:00,377.53,223.4,1.69,1.01,0
2025-01-01 13:57:00,250.08,214.26,1.17,1.0,0
2025-01-01 13:58:00,349.22,223.33,1.56,0.95,0
2025-01-01 13:59:00,289.3,222.31,1.3,0.95,0
2025-01-01 14:00:00,297.53,211.37,1.41,0.97,0
2025-01-01 14:01:00,333.74,216.61,1.54,0.98,0
2025-01-01 14:02:00,243.86,225.97,1.08,0.92,0
2025-01-01 14:03:00,319.12,215.09,1.48,0.91,0
2025-01-01 14:04:00,308.32,217.68,1.42,0.94,0
2025-01-01 14:05:00,324.62,222.31,1.46,0.96,0
2025-01-01 14:06:00,314.46,223.92,1.4,0.96,0
2025-01-01 14:07:00,422.77,218.74,1.93,0.97,0
2025-01-01 14:08:00,268.11,217.01,1.24,0.93,0
2025-01-01 14:09:00,273.45,227.11,1.2,0.9,0
2025-01-01 14:10:00,268.84,228.69,1.18,0.97,0
2025-01-01 14:11:00,272.23,224.89,1.21,0.93,0
2025-01-01 14:12:00,268.13,220.43,1.22,0.91,0
2025-01-01 14:13:00,359.45,215.96,1.66,0.95,0
2025-01-01 14:14:00,371.03,215.85,1.72,0.97,0
2025-01-01 14:15:00,271.46,222.61,1.22,0.95,0
2025-01-01 14:16:00,258.38,222.09,1.16,0.94,0
2025-01-01 14:17:00,323.57,227.01,1.43,0.95,0
2025-01-01 14:18:00,272.39,223.25,1.22,0.94,0
2025-01-01 14:19:00,331.65,212.48,1.56,0.92,0
2025-01-01 14:20:00,310.15,225.26,1.38,0.94,0
2025-01-01 14:21:00,224.21,215.01,1.04,0.96,0
2025-01-01 14:22:00,377.38,218.08,1.73,0.96,0
2025-01-01 14:23:00,389.79,221.25,1.76,0.95,0
2025-01-01 14:24:00,269.36,229.98,1.17,0.93,0
2025-01-01 14:25:00,280.61,235.55,1.19,0.95,0
2025-01-01 14:26:00,314.29,223.03,1.41,0.91,0
2025-01-01 14:27:00,316.72,219.08,1.45,0.95,0
2025-01-01 14:28:00,332.93,222.67,1.5,0.98,0
2025-01-01 14:29:00,400.51,224.44,1.78,0.92,0
2025-01-01 14:30:00,291.15,218.4,1.33,0.94,0
2025-01-01 14:31:00,260.09,228.98,1.14,0.96,0
2025-01-01 14:32:00,231.03,221.15,1.04,0.98,0
2025-01-01 14:33:00,263.45,222.49,1.18,0.94,0
2025-01-01 14:34:00,298.34,223.33,1.34,0.94,0
2025-01-01 14:35:00,389.73,222.11,1.75,0.91,0
2025-01-01 14:36:00,274.12,224.19,1.22,0.95,0
2025-01-01 14:37:00,311.19,216.91,1.43,0.99,0
2025-01-01 14:38:00,299.18,217.21,1.38,0.96,0
2025-01-01 14:39:00,359.42,214.5,1.68,0.95,0
2025-01-01 14:40:00,426.35,222.2,1.92,0.96,0
2025-01-01 14:41:00,273.46,223.89,1.22,0.95,0
2025-01-01 14:42:00,275.53,222.29,1.24,0.93,0
2025-01-01 14:43:00,352.21,228.37,1.54,0.97,0
2025-01-01 14:44:00,334.09,219.97,1.52,0.95,0
2025-01-01 14:45:00,392.34,223.34,1.76,0.95,0
2025-01-01 14:46:00,329.2,214.54,1.53,0.93,0
2025-01-01 14:47:00,282.04,218.06,1.29,0.98,0
2025-01-01 14:48:00,329.53,223.48,1.47,0.96,0
2025-01-01 14:49:00,355.44,224.25,1.59,0.94,0
2025-01-01 14:50:00,341.02,218.53,1.56,0.97,0
2025-01-01 14:51:00,325.36,219.64,1.48,0.94,0
2025-01-01 14:52:00,353.33,212.41,1.66,0.93,0
2025-01-01 14:53:00,358.46,218.21,1.64,0.93,0
2025-01-01 14:54:00,369.11,224.45,1.64,0.91,0
2025-01-01 14:55:00,332.44,222.88,1.49,0.96,0
2025-01-01 14:56:00,291.64,222.5,1.31,0.91,0
2025-01-01 14:57:00,307.34,220.25,1.4,0.93,0
2025-01-01 14:58:00,360.33,220.04,1.64,0.91,0
2025-01-01 14:59:00,259.15,216.7,1.2,0.95,0
2025-01-01 15:00:00,318.43,223.49,1.42,0.95,0
2025-01-01 15:01:00,280.33,222.1,1.26,0.94,0
2025-01-01 15:02:00,301.44,222.46,1.36,0.93,0
2025-01-01 15:03:00,363.92,217.37,1.67,0.93,0
2025-01-01 15:04:00,309.55,209.23,1.48,0.96,0
2025-01-01 15:05:00,302.32,225.49,1.34,0.94,0
2025-01-01 15:06:00,232.01,217.61,1.07,0.96,0
2025-01-01 15:07:00,337.31,215.69,1.56,0.93,0
2025-01-01 15:08:00,332.27,223.47,1.49,0.95,0
2025-01-01 15:09:00,408.16,218.04,1.87,0.98,0
2025-01-01 15:10:00,284.61,225.3,1.26,0.96,0
2025-01-01 15:11:00,310.96,223.09,1.39,0.94,0
2025-01-01 15:12:00,312.47,223.42,1.4,0.96,0
2025-01-01 15:13:00,378.87,213.17,1.78,0.95,0
2025-01-01 15:14:00,295.24,226.06,1.31,0.95,0
2025-01-01 15:15:00,313.95,221.31,1.42,0.94,0
2025-01-01 15:16:00,330.39,218.15,1.51,0.95,0
2025-01-01 15:17:00,309.33,220.72,1.4,0.95,0
2025-01-01 15:18:00,277.68,211.12,1.32,0.93,0
2025-01-01 15:19:00,309.7,222.04,1.39,0.93,0
2025-01-01 15:20:00,353.68,214.85,1.65,0.92,0
2025-01-01 15:21:00,248.67,213.24,1.17,0.92,0
2025-01-01 15:22:00,306.65,212.39,1.44,0.93,0
2025-01-01 15:23:00,264.99,225.56,1.17,0.95,0
2025-01-01 15:24:00,359.75,216.85,1.66,0.93,0
2025-01-01 15:25:00,223.84,227.67,0.98,0.96,0
2025-01-01 15:26:00,272.05,217.32,1.25,0.95,0
2025-01-01 15:27:00,318.86,211.46,1.51,0.91,0
2025-01-01 15:28:00,378.28,214.42,1.76,0.96,0
2025-01-01 15:29:00,296.71,226.18,1.31,0.97,0
2025-01-01 15:30:00,272.24,219.22,1.24,0.93,0
2025-01-01 15:31:00,394.06,217.26,1.81,0.96,0
2025-01-01 15:32:00,227.6,220.8,1.03,0.93,0
2025-01-01 15:33:00,190.06,222.51,0.85,0.95,0
2025-01-01 15:34:00,322.0,225.59,1.43,0.92,0
2025-01-01 15:35:00,274.9,227.24,1.21,0.91,0
2025-01-01 15:36:00,248.94,218.2,1.14,0.94,0
2025-01-01 15:37:00,335.42,213.37,1.57,0.95,0
2025-01-01 15:38:00,312.19,217.93,1.43,0.94,0
2025-01-01 15:39:00,271.8,221.3,1.23,0.93,0
2025-01-01 15:40:00,235.98,215.18,1.1,0.94,0
2025-01-01 15:41:00,343.62,215.21,1.6,0.96,0
2025-01-01 15:42:00,332.51,221.72,1.5,0.95,0
2025-01-01 15:43:00,295.04,219.76,1.34,0.95,0
2025-01-01 15:44:00,392.33,220.16,1.78,0.94,0
2025-01-01 15:45:00,246.5,216.21,1.14,0.97,0
2025-01-01 15:46:00,223.72,218.85,1.02,0.93,0
2025-01-01 15:47:00,265.4,215.38,1.23,0.96,0
2025-01-01 15:48:00,297.72,224.45,1.33,0.97,0
2025-01-01 15:49:00,312.17,225.18,1.39,0.96,0
2025-01-01 15:50:00,287.94,210.77,1.37,0.95,0
2025-01-01 15:51:00,317.6,215.35,1.47,0.94,0
2025-01-01 15:52:00,237.42,212.52,1.12,0.97,0
2025-01-01 15:53:00,372.19,216.75,1.72,0.92,0
2025-01-01 15:54:00,295.89,219.58,1.35,0.93,0
2025-01-01 15:55:00,355.86,212.75,1.67,0.94,0
2025-01-01 15:56:00,317.14,215.39,1.47,0.97,0
2025-01-01 15:57:00,322.84,214.98,1.5,0.96,0
2025-01-01 15:58:00,328.49,221.04,1.49,0.93,0
2025-01-01 15:59:00,322.39,220.35,1.46,0.94,0
2025-01-01 16:00:00,332.14,216.39,1.53,0.94,0
2025-01-01 16:01:00,366.46,220.88,1.66,0.94,0
2025-01-01 16:02:00,309.83,217.27,1.43,0.97,0
2025-01-01 16:03:00,335.45,218.64,1.53,0.92,0
2025-01-01 16:04:00,295.51,228.37,1.29,0.98,0
2025-01-01 16:05:00,372.01,226.7,1.64,0.97,0
2025-01-01 16:06:00,266.18,213.5,1.25,0.97,0
2025-01-01 16:07:00,390.05,224.15,1.74,0.94,0
2025-01-01 16:08:00,297.99,224.06,1.33,0.95,0
2025-01-01 16:09:00,228.46,214.26,1.07,0.92,0
2025-01-01 16:10:00,306.41,224.09,1.37,0.94,0
2025-01-01 16:11:00,265.95,227.69,1.17,0.96,0
2025-01-01 16:12:00,342.03,214.39,1.6,0.98,0
2025-01-01 16:13:00,267.37,215.41,1.24,0.93,0
2025-01-01 16:14:00,277.69,225.09,1.23,0.94,0
2025-01-01 16:15:00,205.52,221.36,0.93,0.95,0
2025-01-01 16:16:00,277.38,222.76,1.25,0.92,0
2025-01-01 16:17:00,178.81,221.7,0.81,0.96,0
2025-01-01 16:18:00,220.8,221.95,0.99,0.94,0
2025-01-01 16:19:00,338.02,213.37,1.58,0.95,0
2025-01-01 16:20:00,339.29,225.24,1.51,0.94,0
2025-01-01 16:21:00,321.27,225.85,1.42,0.93,0
2025-01-01 16:22:00,251.65,218.85,1.15,0.95,0
2025-01-01 16:23:00,297.61,219.78,1.35,0.95,0
2025-01-01 16:24:00,299.82,212.34,1.41,0.94,0
2025-01-01 16:25:00,242.08,222.57,1.09,0.94,0
2025-01-01 16:26:00,375.17,222.86,1.68,0.96,0
2025-01-01 16:27:00,343.87,219.69,1.57,0.98,0
2025-01-01 16:28:00,288.95,225.62,1.28,0.95,0
2025-01-01 16:29:00,301.34,218.33,1.38,0.97,0
2025-01-01 16:30:00,310.42,222.82,1.39,0.92,0
2025-01-01 16:31:00,197.91,214.9,0.92,0.95,0
2025-01-01 16:32:00,287.64,219.88,1.31,0.93,0
2025-01-01 16:33:00,265.9,219.13,1.21,0.92,0
2025-01-01 16:34:00,249.92,221.13,1.13,0.94,0
2025-01-01 16:35:00,285.94,218.15,1.31,0.97,0
2025-01-01 16:36:00,389.88,219.34,1.78,0.97,0
2025-01-01 16:37:00,332.04,224.13,1.48,0.95,0
2025-01-01 16:38:00,271.44,217.82,1.25,0.92,0
2025-01-01 16:39:00,328.63,211.97,1.55,0.95,0
2025-01-01 16:40:00,369.97,228.75,1.62,0.96,0
2025-01-01 16:41:00,346.23,226.91,1.53,0.95,0
2025-01-01 16:42:00,302.98,213.54,1.42,0.91,0
2025-01-01 16:43:00,267.65,223.45,1.2,0.93,0
2025-01-01 16:44:00,334.91,217.49,1.54,0.95,0
2025-01-01 16:45:00,319.67,221.32,1.44,0.96,0
2025-01-01 16:46:00,344.76,221.47,1.56,0.91,0
2025-01-01 16:47:00,331.76,218.83,1.52,0.95,0
2025-01-01 16:48:00,352.48,216.08,1.63,0.95,0
2025-01-01 16:49:00,273.24,216.55,1.26,0.97,0
2025-01-01 16:50:00,365.87,215.42,1.7,0.96,0
2025-01-01 16:51:00,309.88,215.84,1.44,0.96,0
2025-01-01 16:52:00,403.76,219.66,1.84,0.93,0
2025-01-01 16:53:00,265.54,216.42,1.23,0.91,0
2025-01-01 16:54:00,386.8,223.41,1.73,0.94,0
2025-01-01 16:55:00,309.9,227.44,1.36,0.97,0
2025-01-01 16:56:00,267.43,217.1,1.23,0.98,0
2025-01-01 16:57:00,275.81,221.2,1.25,0.96,0
2025-01-01 16:58:00,283.98,222.5,1.28,0.96,0
2025-01-01 16:59:00,321.21,222.36,1.44,0.96,0
2025-01-01 17:00:00,326.14,220.38,1.48,0.94,0
2025-01-01 17:01:00,271.31,223.71,1.21,0.95,0
2025-01-01 17:02:00,298.78,222.41,1.34,0.98,0
2025-01-01 17:03:00,407.11,213.81,1.9,0.93,0
2025-01-01 17:04:00,386.38,224.35,1.72,0.98,0
2025-01-01 17:05:00,321.82,224.44,1.43,0.94,0
2025-01-01 17:06:00,301.9,216.18,1.4,0.98,0
2025-01-01 17:07:00,306.0,220.19,1.39,0.92,0
2025-01-01 17:08:00,330.68,223.42,1.48,0.96,0
2025-01-01 17:09:00,248.86,218.95,1.14,0.94,0
2025-01-01 17:10:00,287.13,225.36,1.27,0.92,0
2025-01-01 17:11:00,216.57,231.82,0.93,0.95,0
2025-01-01 17:12:00,319.96,216.07,1.48,0.97,0
2025-01-01 17:13:00,332.36,213.09,1.56,0.93,0
2025-01-01 17:14:00,275.84,221.52,1.25,0.92,0
2025-01-01 17:15:00,378.7,223.61,1.69,0.95,0
2025-01-01 17:16:00,238.71,218.85,1.09,0.95,0
2025-01-01 17:17:00,226.78,227.27,1.0,0.96,0
2025-01-01 17:18:00,311.22,213.31,1.46,0.97,0
2025-01-01 17:19:00,352.35,223.46,1.58,0.95,0
2025-01-01 17:20:00,384.2,216.97,1.77,0.99,0
2025-01-01 17:21:00,277.06,228.6,1.21,0.95,0
2025-01-01 17:22:00,353.93,229.96,1.54,0.94,0
2025-01-01 17:23:00,298.07,216.17,1.38,0.92,0
2025-01-01 17:24:00,291.37,217.25,1.34,0.94,0
2025-01-01 17:25:00,344.18,224.3,1.53,0.94,0
2025-01-01 17:26:00,332.62,218.06,1.53,0.97,0
2025-01-01 17:27:00,221.18,219.77,1.01,0.96,0
2025-01-01 17:28:00,373.83,220.13,1.7,0.93,0
2025-01-01 17:29:00,369.0,210.4,1.75,0.95,0
2025-01-01 17:30:00,268.72,219.93,1.22,0.96,0
2025-01-01 17:31:00,319.79,216.55,1.48,0.98,0
2025-01-01 17:32:00,324.7,217.53,1.49,0.97,0
2025-01-01 17:33:00,313.03,227.22,1.38,0.97,0
2025-01-01 17:34:00,272.48,213.72,1.27,0.95,0
2025-01-01 17:35:00,266.42,224.07,1.19,0.96,0
2025-01-01 17:36:00,298.72,218.61,1.37,0.97,0
2025-01-01 17:37:00,358.64,218.6,1.64,0.92,0
2025-01-01 17:38:00,327.18,223.95,1.46,0.94,0
2025-01-01 17:39:00,281.47,221.7,1.27,0.93,0
2025-01-01 17:40:00,338.58,222.85,1.52,0.96,0
2025-01-01 17:41:00,157.57,224.84,0.7,0.97,0
2025-01-01 17:42:00,357.44,218.34,1.64,0.94,0
2025-01-01 17:43:00,213.01,216.94,0.98,0.9,0
2025-01-01 17:44:00,281.88,214.57,1.31,0.94,0
2025-01-01 17:45:00,244.02,215.87,1.13,0.97,0
2025-01-01 17:46:00,235.27,234.75,1.0,0.96,0
2025-01-01 17:47:00,358.04,226.22,1.58,0.96,0
2025-01-01 17:48:00,276.61,213.24,1.3,0.94,0
2025-01-01 17:49:00,317.33,213.39,1.49,0.92,0
2025-01-01 17:50:00,297.65,222.41,1.34,0.96,0
2025-01-01 17:51:00,323.85,222.74,1.45,0.93,0
2025-01-01 17:52:00,303.84,222.74,1.36,0.99,0
2025-01-01 17:53:00,235.85,218.73,1.08,0.96,0
2025-01-01 17:54:00,349.81,219.37,1.59,0.94,0
2025-01-01 17:55:00,275.31,221.64,1.24,0.94,0
2025-01-01 17:56:00,222.17,220.43,1.01,0.95,0
2025-01-01 17:57:00,278.59,208.9,1.33,0.95,0
2025-01-01 17:58:00,375.04,218.85,1.71,0.97,0
2025-01-01 17:59:00,342.51,215.74,1.59,0.95,0
2025-01-01 18:00:00,1130.27,200.88,1.28,0.94,1
2025-01-01 18:01:00,1130.15,214.93,1.2,0.99,1
2025-01-01 18:02:00,1135.67,201.84,1.28,0.95,1
2025-01-01 18:03:00,1615.35,198.43,1.85,0.97,1
2025-01-01 18:04:00,1276.39,204.61,1.42,0.94,1
2025-01-01 18:05:00,1286.01,202.41,1.45,0.96,1
2025-01-01 18:06:00,1406.06,202.1,1.58,0.96,1
2025-01-01 18:07:00,1247.76,203.03,1.4,0.91,1
2025-01-01 18:08:00,1148.19,210.28,1.25,0.99,1
2025-01-01 18:09:00,1160.73,194.35,1.35,0.98,1
2025-01-01 18:10:00,296.42,222.37,1.33,0.94,0
2025-01-01 18:11:00,298.14,215.37,1.38,0.93,0
2025-01-01 18:12:00,336.38,222.78,1.51,0.96,0
2025-01-01 18:13:00,302.6,215.41,1.4,0.95,0
2025-01-01 18:14:00,336.63,217.91,1.54,0.96,0
2025-01-01 18:15:00,295.96,218.52,1.35,0.95,0
2025-01-01 18:16:00,303.93,224.88,1.35,0.96,0
2025-01-01 18:17:00,200.09,224.59,0.89,0.98,0
2025-01-01 18:18:00,345.82,213.77,1.62,0.96,0
2025-01-01 18:19:00,317.32,220.27,1.44,0.93,0
2025-01-01 18:20:00,349.9,216.45,1.62,0.98,0
2025-01-01 18:21:00,155.19,213.71,0.73,0.98,0
2025-01-01 18:22:00,404.42,218.91,1.85,1.01,0
2025-01-01 18:23:00,293.02,218.46,1.34,0.93,0
2025-01-01 18:24:00,355.41,232.13,1.53,0.95,0
2025-01-01 18:25:00,248.0,222.16,1.12,0.91,0
2025-01-01 18:26:00,330.64,213.11,1.55,0.96,0
2025-01-01 18:27:00,247.33,217.18,1.14,0.94,0
2025-01-01 18:28:00,268.81,225.11,1.19,0.99,0
2025-01-01 18:29:00,395.7,230.44,1.72,0.93,0
2025-01-01 18:30:00,290.47,212.07,1.37,0.92,0
2025-01-01 18:31:00,310.87,210.6,1.48,0.94,0
2025-01-01 18:32:00,343.5,229.35,1.5,0.91,0
2025-01-01 18:33:00,324.78,221.95,1.46,0.97,0
2025-01-01 18:34:00,307.52,215.66,1.43,0.91,0
2025-01-01 18:35:00,318.25,222.67,1.43,0.95,0
2025-01-01 18:36:00,420.17,206.82,2.03,0.91,0
2025-01-01 18:37:00,297.12,220.02,1.35,0.94,0
2025-01-01 18:38:00,310.05,221.64,1.4,0.98,0
2025-01-01 18:39:00,352.53,224.62,1.57,0.96,0
2025-01-01 18:40:00,355.28,214.93,1.65,0.93,0
2025-01-01 18:41:00,359.35,220.43,1.63,0.95,0
2025-01-01 18:42:00,331.94,215.37,1.54,0.95,0
2025-01-01 18:43:00,242.85,221.28,1.1,0.96,0
2025-01-01 18:44:00,381.67,215.52,1.77,0.92,0
2025-01-01 18:45:00,242.68,217.96,1.11,0.96,0
2025-01-01 18:46:00,315.13,215.02,1.47,0.9,0
2025-01-01 18:47:00,262.29,223.26,1.17,0.94,0
2025-01-01 18:48:00,296.79,224.29,1.32,0.94,0
2025-01-01 18:49:00,316.44,218.83,1.45,0.96,0
2025-01-01 18:50:00,316.07,220.19,1.44,0.95,0
2025-01-01 18:51:00,321.1,212.76,1.51,0.92,0
2025-01-01 18:52:00,380.69,218.5,1.74,0.93,0
2025-01-01 18:53:00,322.68,219.75,1.47,0.95,0
2025-01-01 18:54:00,287.79,233.1,1.23,0.95,0
2025-01-01 18:55:00,348.2,214.44,1.62,0.94,0
2025-01-01 18:56:00,359.47,227.32,1.58,0.94,0
2025-01-01 18:57:00,238.62,224.98,1.06,0.96,0
2025-01-01 18:58:00,329.87,221.4,1.49,0.94,0
2025-01-01 18:59:00,335.06,228.79,1.46,0.95,0
2025-01-01 19:00:00,285.12,221.86,1.29,0.99,0
2025-01-01 19:01:00,368.79,221.95,1.66,0.92,0
2025-01-01 19:02:00,292.5,219.73,1.33,0.91,0
2025-01-01 19:03:00,306.28,226.12,1.35,0.97,0
2025-01-01 19:04:00,291.35,225.48,1.29,0.94,0
2025-01-01 19:05:00,300.78,216.87,1.39,0.94,0
2025-01-01 19:06:00,245.19,213.4,1.15,0.93,0
2025-01-01 19:07:00,228.0,218.99,1.04,0.94,0
2025-01-01 19:08:00,379.73,216.0,1.76,0.98,0
2025-01-01 19:09:00,257.65,219.68,1.17,0.97,0
2025-01-01 19:10:00,250.43,226.19,1.11,0.97,0
2025-01-01 19:11:00,192.33,217.71,0.88,0.92,0
2025-01-01 19:12:00,268.05,219.79,1.22,0.93,0
2025-01-01 19:13:00,233.85,220.29,1.06,0.89,0
2025-01-01 19:14:00,382.1,224.24,1.7,0.93,0
2025-01-01 19:15:00,350.49,208.77,1.68,0.97,0
2025-01-01 19:16:00,265.59,216.97,1.22,0.96,0
2025-01-01 19:17:00,412.62,221.06,1.87,0.95,0
2025-01-01 19:18:00,349.09,226.0,1.54,0.95,0
2025-01-01 19:19:00,283.76,217.54,1.3,0.94,0
2025-01-01 19:20:00,175.03,210.62,0.83,0.95,0
2025-01-01 19:21:00,414.55,223.1,1.86,0.97,0
2025-01-01 19:22:00,230.52,216.82,1.06,0.92,0
2025-01-01 19:23:00,217.73,214.05,1.02,0.96,0
2025-01-01 19:24:00,351.13,216.88,1.62,0.97,0
2025-01-01 19:25:00,421.99,219.08,1.93,0.94,0
2025-01-01 19:26:00,369.21,216.98,1.7,0.96,0
2025-01-01 19:27:00,328.2,208.97,1.57,1.01,0
2025-01-01 19:28:00,329.74,224.49,1.47,0.95,0
2025-01-01 19:29:00,342.67,226.37,1.51,0.96,0
2025-01-01 19:30:00,337.95,223.26,1.51,0.94,0
2025-01-01 19:31:00,314.06,214.31,1.47,0.95,0
2025-01-01 19:32:00,305.21,218.99,1.39,0.96,0
2025-01-01 19:33:00,296.87,219.97,1.35,0.95,0
2025-01-01 19:34:00,262.3,222.99,1.18,0.93,0
2025-01-01 19:35:00,285.97,223.34,1.28,0.95,0
2025-01-01 19:36:00,215.35,216.33,1.0,0.98,0
2025-01-01 19:37:00,295.08,220.41,1.34,0.96,0
2025-01-01 19:38:00,250.57,222.29,1.13,0.97,0
2025-01-01 19:39:00,244.82,227.28,1.08,0.95,0
2025-01-01 19:40:00,308.99,223.52,1.38,0.96,0
2025-01-01 19:41:00,369.6,223.95,1.65,0.96,0
2025-01-01 19:42:00,345.92,220.42,1.57,0.93,0
2025-01-01 19:43:00,221.47,227.05,0.98,0.96,0
2025-01-01 19:44:00,250.52,222.05,1.13,0.93,0
2025-01-01 19:45:00,347.04,215.69,1.61,0.94,0
2025-01-01 19:46:00,250.88,227.02,1.11,0.95,0
2025-01-01 19:47:00,288.77,223.49,1.29,0.96,0
2025-01-01 19:48:00,327.5,217.78,1.5,0.93,0
2025-01-01 19:49:00,251.58,217.6,1.16,0.97,0
2025-01-01 19:50:00,305.27,221.48,1.38,0.96,0
2025-01-01 19:51:00,233.3,222.32,1.05,0.94,0
2025-01-01 19:52:00,269.93,220.99,1.22,0.92,0
2025-01-01 19:53:00,315.99,221.56,1.43,0.95,0
2025-01-01 19:54:00,220.35,228.5,0.96,0.94,0
2025-01-01 19:55:00,322.02,225.36,1.43,0.95,0
2025-01-01 19:56:00,299.02,220.95,1.35,0.94,0
2025-01-01 19:57:00,327.62,224.71,1.46,0.91,0
2025-01-01 19:58:00,311.2,214.84,1.45,0.94,0
2025-01-01 19:59:00,368.21,221.99,1.66,0.94,0
2025-01-01 20:00:00,306.26,229.05,1.34,0.96,0
2025-01-01 20:01:00,278.53,218.91,1.27,0.94,0
2025-01-01 20:02:00,306.11,215.76,1.42,0.98,0
2025-01-01 20:03:00,327.16,216.74,1.51,0.91,0
2025-01-01 20:04:00,302.44,214.55,1.41,0.98,0
2025-01-01 20:05:00,302.03,216.08,1.4,0.95,0
2025-01-01 20:06:00,264.9,218.15,1.21,0.97,0
2025-01-01 20:07:00,266.85,212.97,1.25,0.95,0
2025-01-01 20:08:00,229.87,220.08,1.04,0.97,0
2025-01-01 20:09:00,387.48,224.51,1.73,0.94,0
2025-01-01 20:10:00,237.81,215.46,1.1,0.93,0
2025-01-01 20:11:00,265.35,227.6,1.17,0.98,0
2025-01-01 20:12:00,264.08,222.55,1.19,0.95,0
2025-01-01 20:13:00,344.75,225.15,1.53,0.95,0
2025-01-01 20:14:00,285.25,216.71,1.32,0.97,0
2025-01-01 20:15:00,362.39,224.27,1.62,0.93,0
2025-01-01 20:16:00,266.33,214.54,1.24,0.96,0
2025-01-01 20:17:00,313.95,224.45,1.4,0.94,0
2025-01-01 20:18:00,258.23,220.86,1.17,0.95,0
2025-01-01 20:19:00,407.26,222.77,1.83,0.95,0
2025-01-01 20:20:00,240.62,214.12,1.12,0.92,0
2025-01-01 20:21:00,315.49,215.52,1.46,0.93,0
2025-01-01 20:22:00,331.69,222.99,1.49,0.98,0
2025-01-01 20:23:00,320.69,215.26,1.49,0.97,0
2025-01-01 20:24:00,290.74,222.32,1.31,0.95,0
2025-01-01 20:25:00,293.51,213.16,1.38,0.95,0
2025-01-01 20:26:00,302.19,224.24,1.35,0.94,0
2025-01-01 20:27:00,292.65,213.84,1.37,0.98,0
2025-01-01 20:28:00,348.19,222.76,1.56,0.95,0
2025-01-01 20:29:00,410.53,223.13,1.84,0.95,0
2025-01-01 20:30:00,272.13,216.52,1.26,0.97,0
2025-01-01 20:31:00,231.51,222.91,1.04,0.93,0
2025-01-01 20:32:00,295.59,221.3,1.34,0.98,0
2025-01-01 20:33:00,428.99,217.31,1.97,0.92,0
2025-01-01 20:34:00,259.82,214.96,1.21,0.98,0
2025-01-01 20:35:00,381.96,210.19,1.82,0.94,0
2025-01-01 20:36:00,383.89,221.75,1.73,0.95,0
2025-01-01 20:37:00,272.32,212.18,1.28,0.91,0
2025-01-01 20:38:00,328.45,220.48,1.49,0.94,0
2025-01-01 20:39:00,381.42,218.68,1.74,0.93,0
2025-01-01 20:40:00,281.04,223.4,1.26,0.94,0
2025-01-01 20:41:00,289.82,218.49,1.33,0.95,0
2025-01-01 20:42:00,270.92,218.35,1.24,0.97,0
2025-01-01 20:43:00,249.26,223.66,1.11,0.95,0
2025-01-01 20:44:00,267.54,221.68,1.21,0.96,0
2025-01-01 20:45:00,238.8,221.58,1.08,0.93,0
2025-01-01 20:46:00,301.7,222.35,1.36,0.93,0
2025-01-01 20:47:00,261.5,212.32,1.23,0.99,0
2025-01-01 20:48:00,311.69,223.78,1.39,0.94,0
2025-01-01 20:49:00,222.21,223.06,1.0,0.98,0
2025-01-01 20:50:00,316.54,214.92,1.47,0.95,0
2025-01-01 20:51:00,341.68,218.78,1.56,0.95,0
2025-01-01 20:52:00,200.31,219.8,0.91,0.97,0
2025-01-01 20:53:00,318.7,219.33,1.45,0.98,0
2025-01-01 20:54:00,361.38,221.67,1.63,0.95,0
2025-01-01 20:55:00,239.52,227.16,1.05,0.94,0
2025-01-01 20:56:00,383.63,225.41,1.7,0.95,0
2025-01-01 20:57:00,320.95,213.44,1.5,0.96,0
2025-01-01 20:58:00,264.75,223.11,1.19,0.97,0
2025-01-01 20:59:00,297.21,226.64,1.31,0.95,0
2025-01-01 21:00:00,327.92,221.93,1.48,0.96,0
2025-01-01 21:01:00,303.8,225.45,1.35,0.98,0
2025-01-01 21:02:00,326.94,230.06,1.42,0.96,0
2025-01-01 21:03:00,253.97,225.12,1.13,0.96,0
2025-01-01 21:04:00,308.47,221.25,1.39,0.92,0
2025-01-01 21:05:00,229.31,225.23,1.02,0.9,0
2025-01-01 21:06:00,294.44,220.72,1.33,0.96,0
2025-01-01 21:07:00,254.8,220.12,1.16,0.95,0
2025-01-01 21:08:00,263.22,218.24,1.21,0.94,0
2025-01-01 21:09:00,361.8,227.82,1.59,0.95,0
2025-01-01 21:10:00,354.57,215.91,1.64,0.95,0
2025-01-01 21:11:00,330.46,227.66,1.45,0.97,0
2025-01-01 21:12:00,245.38,222.5,1.1,0.95,0
2025-01-01 21:13:00,284.18,213.0,1.33,0.94,0
2025-01-01 21:14:00,360.65,221.84,1.63,0.97,0
2025-01-01 21:15:00,307.09,209.5,1.47,0.95,0
2025-01-01 21:16:00,415.97,223.13,1.86,0.96,0
2025-01-01 21:17:00,319.67,224.43,1.42,0.94,0
2025-01-01 21:18:00,309.6,217.04,1.43,0.94,0
2025-01-01 21:19:00,284.54,220.62,1.29,0.95,0
2025-01-01 21:20:00,306.68,229.77,1.33,0.95,0
2025-01-01 21:21:00,292.38,217.47,1.34,0.96,0
2025-01-01 21:22:00,335.41,214.71,1.56,0.94,0
2025-01-01 21:23:00,347.84,227.41,1.53,0.91,0
2025-01-01 21:24:00,260.7,229.81,1.13,0.94,0
2025-01-01 21:25:00,233.44,220.02,1.06,0.97,0
2025-01-01 21:26:00,208.19,225.06,0.93,0.94,0
2025-01-01 21:27:00,325.4,226.71,1.44,0.95,0
2025-01-01 21:28:00,244.83,216.29,1.13,0.97,0
2025-01-01 21:29:00,192.36,217.57,0.88,0.94,0
2025-01-01 21:30:00,319.43,226.15,1.41,0.92,0
2025-01-01 21:31:00,424.65,228.43,1.86,0.95,0
2025-01-01 21:32:00,299.7,222.81,1.35,0.94,0
2025-01-01 21:33:00,341.92,215.6,1.59,0.93,0
2025-01-01 21:34:00,304.09,229.94,1.32,0.95,0
2025-01-01 21:35:00,295.06,217.35,1.36,0.96,0
2025-01-01 21:36:00,345.95,218.32,1.58,0.95,0
2025-01-01 21:37:00,285.49,221.71,1.29,0.96,0
2025-01-01 21:38:00,313.37,227.77,1.38,0.99,0
2025-01-01 21:39:00,316.08,224.27,1.41,0.94,0
2025-01-01 21:40:00,266.6,222.07,1.2,0.96,0
2025-01-01 21:41:00,349.6,222.32,1.57,0.94,0
2025-01-01 21:42:00,291.25,220.22,1.32,0.93,0
2025-01-01 21:43:00,262.21,222.79,1.18,0.94,0
2025-01-01 21:44:00,326.83,207.35,1.58,0.94,0
2025-01-01 21:45:00,255.08,218.52,1.17,0.96,0
2025-01-01 21:46:00,301.41,221.21,1.36,1.0,0
2025-01-01 21:47:00,299.54,214.24,1.4,0.94,0
2025-01-01 21:48:00,354.29,221.93,1.6,0.94,0
2025-01-01 21:49:00,323.73,218.98,1.48,0.95,0
2025-01-01 21:50:00,298.75,228.78,1.31,0.96,0
2025-01-01 21:51:00,340.89,227.87,1.5,0.96,0
2025-01-01 21:52:00,369.51,217.67,1.7,0.98,0
2025-01-01 21:53:00,327.89,219.25,1.5,0.9,0
2025-01-01 21:54:00,300.52,219.63,1.37,0.9,0
2025-01-01 21:55:00,234.41,217.74,1.08,0.94,0
2025-01-01 21:56:00,246.74,220.98,1.12,0.97,0
2025-01-01 21:57:00,284.74,216.21,1.32,0.92,0
2025-01-01 21:58:00,269.52,214.35,1.26,0.89,0
2025-01-01 21:59:00,290.65,223.11,1.3,0.96,0
2025-01-01 22:00:00,302.83,223.15,1.36,0.95,0
2025-01-01 22:01:00,326.48,215.98,1.51,0.93,0
2025-01-01 22:02:00,296.48,224.48,1.32,0.93,0
2025-01-01 22:03:00,324.33,216.84,1.5,0.93,0
2025-01-01 22:04:00,303.22,221.27,1.37,0.95,0
2025-01-01 22:05:00,201.23,224.1,0.9,0.94,0
2025-01-01 22:06:00,253.03,219.83,1.15,0.96,0
2025-01-01 22:07:00,292.8,222.27,1.32,0.89,0
2025-01-01 22:08:00,239.52,217.42,1.1,0.93,0
2025-01-01 22:09:00,330.0,219.02,1.51,0.93,0
2025-01-01 22:10:00,376.54,218.97,1.72,0.94,0
2025-01-01 22:11:00,360.94,216.27,1.67,0.94,0
2025-01-01 22:12:00,289.33,219.12,1.32,0.97,0
2025-01-01 22:13:00,374.54,212.26,1.76,0.91,0
2025-01-01 22:14:00,307.43,217.54,1.41,0.95,0
2025-01-01 22:15:00,283.15,218.58,1.3,0.96,0
2025-01-01 22:16:00,269.33,218.72,1.23,0.99,0
2025-01-01 22:17:00,284.88,218.79,1.3,0.94,0
2025-01-01 22:18:00,280.59,219.69,1.28,0.96,0
2025-01-01 22:19:00,308.52,222.4,1.39,0.91,0
2025-01-01 22:20:00,308.03,224.37,1.37,0.9,0
2025-01-01 22:21:00,300.15,216.75,1.38,0.97,0
2025-01-01 22:22:00,321.85,213.98,1.5,0.95,0
2025-01-01 22:23:00,359.53,214.79,1.67,0.97,0
2025-01-01 22:24:00,347.48,217.56,1.6,0.92,0
2025-01-01 22:25:00,225.76,218.24,1.03,0.96,0
2025-01-01 22:26:00,172.3,216.15,0.8,0.99,0
2025-01-01 22:27:00,346.72,213.52,1.62,0.96,0
2025-01-01 22:28:00,231.66,217.72,1.06,0.96,0
2025-01-01 22:29:00,288.76,220.91,1.31,0.95,0
2025-01-01 22:30:00,241.49,222.98,1.08,0.92,0
2025-01-01 22:31:00,209.9,217.21,0.97,0.98,0
2025-01-01 22:32:00,327.07,217.94,1.5,0.94,0
2025-01-01 22:33:00,337.96,215.37,1.57,0.96,0
2025-01-01 22:34:00,271.17,219.84,1.23,0.92,0
2025-01-01 22:35:00,170.45,215.76,0.79,0.93,0
2025-01-01 22:36:00,272.69,222.87,1.22,0.98,0
2025-01-01 22:37:00,319.59,211.07,1.51,0.94,0
2025-01-01 22:38:00,226.05,218.2,1.04,0.98,0
2025-01-01 22:39:00,309.17,221.51,1.4,0.95,0
2025-01-01 22:40:00,299.23,220.92,1.35,0.91,0
2025-01-01 22:41:00,328.96,233.47,1.41,0.97,0
2025-01-01 22:42:00,305.98,221.75,1.38,0.94,0
2025-01-01 22:43:00,251.35,214.98,1.17,0.96,0
2025-01-01 22:44:00,359.83,219.52,1.64,0.95,0
2025-01-01 22:45:00,292.07,211.12,1.38,0.92,0
2025-01-01 22:46:00,298.63,219.6,1.36,0.95,0
2025-01-01 22:47:00,253.34,215.83,1.17,0.99,0
2025-01-01 22:48:00,277.84,224.58,1.24,0.96,0
2025-01-01 22:49:00,255.76,217.25,1.18,0.95,0
2025-01-01 22:50:00,291.35,219.42,1.33,0.97,0
2025-01-01 22:51:00,385.59,216.82,1.78,0.95,0
2025-01-01 22:52:00,231.4,228.69,1.01,0.95,0
2025-01-01 22:53:00,219.32,218.39,1.0,0.93,0
2025-01-01 22:54:00,373.56,229.16,1.63,0.95,0
2025-01-01 22:55:00,289.53,224.07,1.29,0.97,0
2025-01-01 22:56:00,266.55,222.41,1.2,0.93,0
2025-01-01 22:57:00,352.0,221.84,1.59,0.98,0
2025-01-01 22:58:00,269.72,221.97,1.22,0.95,0
2025-01-01 22:59:00,391.3,210.36,1.86,0.93,0
2025-01-01 23:00:00,333.9,218.61,1.53,0.97,0
2025-01-01 23:01:00,275.6,224.23,1.23,0.94,0
2025-01-01 23:02:00,407.87,219.76,1.86,0.97,0
2025-01-01 23:03:00,269.71,212.97,1.27,0.94,0
2025-01-01 23:04:00,337.1,219.74,1.53,0.95,0
2025-01-01 23:05:00,314.96,228.52,1.38,0.96,0
2025-01-01 23:06:00,365.09,226.23,1.61,0.96,0
2025-01-01 23:07:00,378.08,219.69,1.72,0.91,0
2025-01-01 23:08:00,301.6,224.76,1.34,0.93,0
2025-01-01 23:09:00,262.33,218.17,1.2,0.97,0
2025-01-01 23:10:00,323.0,211.48,1.53,0.95,0
2025-01-01 23:11:00,266.11,215.38,1.24,0.94,0
2025-01-01 23:12:00,400.67,227.81,1.76,0.92,0
2025-01-01 23:13:00,306.83,218.63,1.4,0.93,0
2025-01-01 23:14:00,281.73,218.78,1.29,0.91,0
2025-01-01 23:15:00,309.23,218.5,1.42,0.95,0
2025-01-01 23:16:00,232.64,229.52,1.01,0.94,0
2025-01-01 23:17:00,251.42,228.13,1.1,0.93,0
2025-01-01 23:18:00,360.02,231.09,1.56,0.95,0
2025-01-01 23:19:00,267.16,219.2,1.22,0.96,0
2025-01-01 23:20:00,247.65,221.48,1.12,0.99,0
2025-01-01 23:21:00,326.83,212.42,1.54,0.92,0
2025-01-01 23:22:00,359.29,227.38,1.58,0.97,0
2025-01-01 23:23:00,335.95,214.16,1.57,0.97,0
2025-01-01 23:24:00,349.8,221.08,1.58,0.93,0
2025-01-01 23:25:00,262.16,214.51,1.22,0.95,0
2025-01-01 23:26:00,228.91,217.06,1.05,0.94,0
2025-01-01 23:27:00,375.07,215.81,1.74,0.95,0
2025-01-01 23:28:00,283.87,216.96,1.31,0.98,0
2025-01-01 23:29:00,287.46,217.3,1.32,0.96,0
2025-01-01 23:30:00,366.41,217.26,1.69,0.96,0
2025-01-01 23:31:00,327.81,224.17,1.46,0.94,0
2025-01-01 23:32:00,322.79,214.48,1.51,0.92,0
2025-01-01 23:33:00,408.25,221.1,1.85,0.95,0
2025-01-01 23:34:00,267.82,226.09,1.18,0.97,0
2025-01-01 23:35:00,346.39,217.43,1.59,0.92,0
2025-01-01 23:36:00,302.85,216.41,1.4,0.93,0
2025-01-01 23:37:00,313.43,218.85,1.43,0.95,0
2025-01-01 23:38:00,376.42,225.9,1.67,0.93,0
2025-01-01 23:39:00,325.39,220.97,1.47,0.93,0
2025-01-01 23:40:00,326.91,217.34,1.5,0.94,0
2025-01-01 23:41:00,353.63,222.42,1.59,0.92,0
2025-01-01 23:42:00,281.75,214.49,1.31,0.93,0
2025-01-01 23:43:00,258.04,223.41,1.16,0.96,0
2025-01-01 23:44:00,247.76,222.04,1.12,0.92,0
2025-01-01 23:45:00,201.68,218.46,0.92,0.92,0
2025-01-01 23:46:00,402.81,215.81,1.87,0.94,0
2025-01-01 23:47:00,244.84,215.57,1.14,0.96,0
2025-01-01 23:48:00,288.94,222.67,1.3,0.95,0
2025-01-01 23:49:00,286.16,226.14,1.27,0.94,0
2025-01-01 23:50:00,315.37,216.81,1.45,0.95,0
2025-01-01 23:51:00,340.79,222.29,1.53,0.92,0
2025-01-01 23:52:00,343.02,209.56,1.64,0.96,0
2025-01-01 23:53:00,270.85,217.08,1.25,0.96,0
2025-01-01 23:54:00,291.64,219.84,1.33,0.94,0
2025-01-01 23:55:00,314.13,215.45,1.46,0.97,0
2025-01-01 23:56:00,287.57,215.32,1.34,0.93,0
2025-01-01 23:57:00,380.37,216.66,1.76,0.97,0
2025-01-01 23:58:00,324.55,221.46,1.47,0.95,0
2025-01-01 23:59:00,336.74,219.06,1.54,0.94,0
